Real,Predicted
1940.0,2216.5703
1970.0,2210.539
1978.0,2231.321
1979.9999999999998,2243.0686
1979.9999999999998,2246.9092
2040.0,2247.1104
2040.0,2294.6226
2050.0,2307.5544
2050.0,2317.0957
2100.0,2318.4023
1988.9999999999998,2357.8093
2050.0,2279.623
2035.0000000000002,2305.056
2035.0000000000002,2302.6455
2198.0,2301.9788
2134.0,2432.1047
2200.0,2416.8203
2080.0,2459.946
2297.0,2374.391
2231.0,2521.895
2299.0,2512.391
2290.0,2559.1426
2280.0,2563.2012
2300.0,2553.7876
2300.0,2566.0554
2300.0,2569.4204
2170.0,2569.8748
2111.0,2465.8
2065.0,2389.913
2184.0,2336.5479
2420.0,2421.7803
2495.0,2637.9844
2269.0,2755.3638
2063.0,2596.995
2060.0,2380.0562
2000.0000000000002,2321.1123
2000.0000000000002,2267.4182
2080.0,2259.3755
2142.0,2325.914
1950.0,2395.8809
1901.0,2259.6782
1959.0,2179.1655
1800.0,2207.3513
1800.0,2093.198
1800.0,2062.562
1859.0,2059.1394
1850.0,2108.5376
1850.0,2116.3464
1800.0,2116.9062
1849.0,2076.1208
1800.0,2103.5457
1938.0,2073.5486
1850.0,2174.97
1800.0,2133.7524
1800.0,2078.6885
1949.0,2063.6963
1800.0,2180.9358
1800.0,2095.9407
1800.0,2068.2588
1800.0,2062.426
1899.0,2062.713
1979.9999999999998,2142.841
1890.0,2230.0032
1984.0,2178.9456
1927.0,2234.995
1927.0,2205.0967
1752.0,2194.6763
1593.0,2052.532
1498.0,1887.0995
1400.0,1771.8119
1300.0,1671.1318
1300.0,1571.9996
1241.0,1551.9423
1200.0,1506.2368
1200.0,1464.252
1290.0,1455.6606
1141.0,1527.8523
1140.0,1430.5305
1115.0,1400.2157
1100.0,1374.9188
1100.0,1358.4636
1031.0,1355.9855
1000.0000000000001,1301.8424
1000.0000000000001,1262.7903
1025.0,1254.4523
1056.0,1274.6755
960.0,1306.3713
960.0,1238.3724
896.0,1217.965
894.0,1163.5537
920.0,1148.5868
907.0,1168.1199
935.0,1165.0065
935.0,1186.3035
936.0,1192.2573
935.0,1193.8042
935.0,1192.8217
935.0,1192.2517
935.0,1192.0421
840.0,1192.0115
801.0,1116.3861
825.0,1064.3087
850.0,1072.0963
687.0,1097.6298
640.0,976.00476
650.0,903.978
651.0,896.6003
643.0,900.237
611.0,897.1041
601.0,871.41327
585.0,856.59625
595.0,840.88525
585.0,845.52496
602.0,839.94275
629.0,852.14276
662.0,877.3512
662.0,910.2643
735.0,918.2372
769.0,976.7116
774.0,1019.03265
860.0,1031.9758
899.0,1101.1901
840.0,1149.8915
795.0,1112.9795
780.0,1063.4967
780.0,1038.0331
780.0,1033.1903
790.0,1033.8478
723.0,1042.9819
658.0,992.5083
662.0,926.3935
643.0,913.08984
650.0,897.79047
645.0,901.0361
641.0,899.32434
640.0,896.01355
640.0,894.45734
640.0,894.1984
644.0,894.25525
626.0,897.5195
627.0,884.13574
645.0,881.08105
631.0,895.0776
630.0,888.1878
630.0,885.02325
655.0,884.2475
640.0,904.10657
625.0,897.8156
640.0,883.33295
640.0,891.1764
640.0,893.9591
625.0,894.652
625.0,882.7565
625.0,879.34326
615.0,878.8553
601.0,871.0892
602.0,857.93176
618.0,855.434
600.0,868.16583
600.0,857.77155
660.0,854.4757
660.0,901.5697
660.0,914.95435
650.0,916.80853
650.0,908.0515
650.0,905.02106
605.0,904.34216
605.0,868.56256
605.0,858.7094
615.0,857.5145
615.0,866.17004
601.0,869.0273
560.0,858.4682
551.0,822.6653
600.0,805.84973
600.0,841.78204
650.0,853.1756
637.0,895.1661
638.0,895.64105
650.0,894.43964
649.0,902.7944
650.0,904.073
650.0,904.8069
650.0,904.819
650.0,904.7296
650.0,904.6765
650.0,904.6569
650.0,904.65045
650.0,904.64484
650.0,904.6402
650.0,904.63275
650.0,904.6253
630.0,904.6188
630.0,888.69727
620.0,884.2531
617.0,875.72144
1000.0000000000001,871.4058
1000.0000000000001,1175.6876
1000.0000000000001,1260.8447
1000.0000000000001,1271.9152
1000.0000000000001,1266.3711
1000.0000000000001,1261.0366
1000.0000000000001,1258.4746
1000.0000000000001,1257.7343
1000.0000000000001,1257.7277
1030.0,1257.8757
1000.0000000000001,1281.8698
157.0,1264.6287
157.0,588.0959
153.0,399.53928
153.0,372.05472
157.0,383.6634
161.0,398.70016
250.00000000000003,408.585
250.00000000000003,482.07016
155.0,501.9916
250.00000000000003,428.6154
250.00000000000003,481.3847
257.0,498.47687
250.00000000000003,507.6539
231.0,503.5515
225.0,486.52924
200.0,476.91354
200.0,455.07642
200.0,449.68512
6600.0,449.3899
6600.0,5584.3315
6600.0,6982.8145
6700.0,7142.0093
6750.0,7123.2344
6700.0,7098.705
6700.0,7032.936
6700.0,7012.485
6700.0,7010.442
6700.0,7012.787
6700.0,7014.555
6700.0,7014.9087
6699.0,7014.303
6650.0,7012.508
6551.0,6971.69
6500.0,6880.3857
6400.0,6816.3115
6372.0,6722.6357
6202.0,6679.363
6200.0,6535.9194
6221.0,6500.072
6201.0,6514.64
6152.0,6506.4927
6150.0,6465.6587
6100.0,6453.7446
6100.0,6411.9863
6100.0,6402.0747
6110.0,6401.5713
6101.0,6410.746
6100.0,6406.403
6100.0,6404.2446
6111.0,6403.7554
6100.0,6412.633
6000.0,6406.189
5999.0,6323.4614
5999.0,6300.866
5761.0,6298.287
5700.0,6107.9004
5785.0,6009.13
5730.0,6059.4385
5711.0,6035.6294
5711.0,6014.6714
5711.0,6010.135
5703.0,6010.0684
5702.0,6004.176
5702.0,6002.0015
5665.0,6001.733
5500.0,5972.0474
5600.0,5831.2573
5700.0,5875.63
5700.0,5974.306
5723.0,6001.273
5900.0,6023.18
5803.0,6169.077
5766.0,6127.6523
5766.0,6080.1963
5700.0,6066.6855
5602.0,6011.585
5600.0,5919.2666
5600.0,5895.881
5502.0,5894.4956
5200.0,5817.9585
5200.0,5555.342
5200.0,5488.656
5190.0,5482.7734
5190.0,5480.5625
5190.0,5482.9624
5190.0,5484.6455
5190.0,5485.2373
5000.0,5485.295
5000.0,5332.2563
5010.0,5291.291
5010.0,5294.623
5015.0,5299.7314
5005.0,5306.626
5500.0,5300.7163
5450.0,5697.6123
5500.0,5763.467
5500.0,5805.2456
5500.0,5807.2563
5500.0,5802.693
5500.0,5799.6724
5500.0,5798.599
5500.0,5798.4937
5335.0,5798.6523
5500.0,5665.83
5500.0,5763.3535
5500.0,5794.718
5500.0,5801.236
5600.0,5800.847
5500.0,5880.1763
5500.0,5820.2573
5500.0,5800.928
5500.0,5796.879
5411.0,5797.092
5500.0,5726.138
5500.0,5779.2026
5300.0,5796.3096
5430.0,5638.7383
5431.0,5700.2876
5431.0,5723.4272
5366.0,5729.4854
5210.0,5677.6646
5202.0,5537.4575
5200.0,5495.375
5200.0,5488.9517
5200.0,5491.52
5200.0,5494.0864
5200.0,5495.2896
5200.0,5495.613
5206.0,5495.5947
5300.0,5500.351
5300.0,5577.313
5201.0,5597.691
5108.0,5520.2153
5102.0,5422.5483
5001.0,5393.9756
5064.0,5310.0254
5200.0,5341.447
5000.0,5463.9824
5101.0,5336.207
5258.0,5378.3994
5001.0,5519.2573
5100.0,5349.571
5000.0,5377.9844
5000.0,5309.626
5000.0,5292.0923
5000.0,5290.491
4900.0,5292.0005
4900.0,5212.7085
4501.0,5191.6484
4500.0,4868.363
4502.0,4782.8726
4500.0,4775.4663
4400.0,4780.913
4500.0,4705.706
4400.0,4766.8184
4400.0,4706.15
4400.0,4688.5176
4400.0,4685.652
4415.0,4686.3584
4462.0,4699.321
4333.0,4740.849
4734.0,4647.939
4880.0,4943.453
4880.0,5143.4927
4880.0,5186.3994
4950.0,5185.4155
4880.0,5234.865
4880.0,5189.464
4886.0,5174.6304
4960.0,5176.446
4960.0,5237.593
4988.0,5254.379
5250.0,5279.0474
5500.0,5494.9272
5500.0,5752.4194
5384.0,5811.694
5549.0,5719.797
5550.0,5820.297
5550.0,5848.7363
5550.0,5852.8887
5550.0,5851.614
5720.0,5850.244
5720.0,5986.6396
5720.0,6022.904
5720.0,6026.9976
5665.0,6024.357
5650.0,5977.6924
5500.0,5952.728
5500.0,5826.943
5500.0,5795.195
5500.0,5792.511
5500.0,5795.3467
5500.0,5797.503
5500.0,5798.3794
5500.0,5798.54
5440.0,5798.46
5350.0,5750.0103
5300.0,5664.5547
5200.0,5603.4463
5150.0,5510.8643
5150.0,5450.0474
5150.0,5439.156
5117.0,5440.7603
5117.0,5416.733
5117.0,5410.9424
5350.0,5410.5176
5000.0,5598.701
5350.0,5367.3916
5200.0,5579.841
5350.0,5522.1826
5351.0,5621.664
5600.0,5648.9976
5600.0,5852.991
5600.0,5904.726
5665.0,5909.257
5665.0,5957.1494
5557.0,5967.6084
5500.0,5880.6694
5400.0,5810.232
5300.0,5713.962
5260.0,5611.878
5400.0,5557.9424
5400.0,5662.575
5500.0,5695.044
5400.0,5781.659
5400.0,5721.5986
5400.0,5700.971
5350.0,5696.079
5350.0,5655.682
5400.0,5645.653
5499.0,5685.225
5250.0,5776.762
5252.0,5599.402
5300.0,5549.4663
5300.0,5580.286
5201.0,5592.823
4808.0,5516.8774
4955.0,5179.8438
5300.0,5210.7207
5335.0,5511.6323
5500.0,5624.9995
5628.0,5777.6245
5626.0,5912.4097
5800.0,5936.8887
5900.0,6074.5254
6000.0,6187.4204
5700.0,6291.1025
5350.0,6069.5063
4950.0,5721.7617
5350.0,5313.5215
5500.0,5543.335
5500.0,5749.0586
5500.0,5803.6963
5155.0,5809.204
4996.0,5526.511
4850.0,5320.2725
4900.0,5158.085
4857.0,5167.5947
5007.0,5147.2188
5000.0,5266.541
4750.0,5295.0244
4650.0,5097.2495
4650.0,4960.7905
4650.0,4931.0054
4502.0,4931.4175
4500.0,4817.117
4321.0,4786.468
4300.0,4639.568
4300.0,4586.3745
4300.0,4579.2344
4151.0,4582.278
4150.0,4465.555
4200.0,4433.8574
4100.0,4470.3813
4109.0,4403.1616
4000.0000000000005,4391.98
3990.0,4304.019
3867.0,4273.6914
3868.0,4170.9336
3990.0,4146.827
4000.0000000000005,4243.5493
4000.0000000000005,4280.804
4058.0,4288.0366
4200.0,4333.7954
4243.0,4458.794
4120.0,4524.7144
4000.0000000000005,4437.7104
3700.0,4312.862
3610.0,4040.0776
3360.0,3899.9895
3332.0,3675.2117
3235.0,3602.8618
3231.0,3518.9292
3100.0,3500.931
3110.0,3397.3955
3020.0,3380.1301
3110.0,3308.544
3200.0,3363.7485
3100.0,3454.8196
3100.0,3398.7664
3106.0,3379.3796
3202.0,3379.5706
3148.0,3457.688
2797.0,3436.2595
2716.0,3146.4316
2710.0,3002.2178
3007.0,2969.8767
3100.0,3209.5505
3100.0,3355.095
3100.0,3386.8887
3200.0,3386.1455
3248.0,3460.9373
3107.0,3517.917
3201.0,3416.8533
3300.0,3460.9707
3400.0,3555.1587
3400.0,3660.3975
3400.0,3684.9512
3399.0,3685.6526
3300.0,3681.6694
3001.0,3599.957
3358.0,3337.9778
3358.0,3555.914
3358.0,3627.4668
3358.0,3642.7913
3153.0,3642.145
3000.0,3475.0417
2800.0,3305.9902
2648.0,3106.3298
2519.0,2939.8208
2500.0,2803.144
2450.0,2762.0522
2500.0,2720.8198
2510.0,2754.8926
2434.0,2775.7993
2720.0,2720.5415
2999.0,2933.0605
2510.0,3216.4524
2505.0,2894.5718
2332.0,2787.639
2085.0,2627.5037
2024.9999999999998,2393.9177
2023.9999999999998,2291.634
2086.0,2276.2656
2150.0,2331.0718
2100.0,2401.452
2132.0,2379.9473
2001.0000000000002,2396.069
2001.0000000000002,2295.2473
2300.0,2266.6033
2300.0,2501.525
2350.0,2568.9976
2350.0,2618.9077
2003.0,2626.345
2500.0,2346.6384
2550.0,2664.9604
2551.0,2803.4402
2500.0,2833.5408
2507.0,2791.718
2781.0,2780.8906
2700.0,2997.01
2600.0,2991.9392
2600.0,2901.9233
1950.0,2874.0515
1900.0,2349.4834
1711.0,2167.6853
1500.0,1989.4047
1237.0,1788.4413
1201.0,1536.9287
1100.0,1451.97
1100.0,1363.3428
1100.0,1348.0518
1101.0,1350.8577
1200.0,1355.5924
1150.0,1436.7441
1117.0,1419.5132
1085.0,1385.0671
1085.0,1349.4337
1051.0,1340.862
1055.0,1313.5331
50100.0,1310.4207
49300.0,43011.816
48550.0,51372.46
48670.0,50560.586
48900.0,49704.69
48900.0,49568.953
48989.0,49569.117
49000.0,49704.586
49000.0,49777.6
49000.0,49807.473
48999.0,49816.594
47800.0,49814.88
47390.0,48740.484
47000.0,48199.043
46000.0,47793.266
45998.0,46863.984
45000.0,46727.88
45000.0,45852.746
44750.0,45719.63
45000.0,45504.29
44750.0,45701.203
44750.0,45520.867
44890.0,45484.973
44900.0,45604.78
44551.0,45635.023
44994.0,45327.523
44700.0,45665.312
44600.0,45470.754
44700.0,45342.46
44700.0,45412.516
44998.0,45429.83
44999.0,45696.33
44998.0,45741.1
44995.0,45738.92
44999.0,45731.285
44601.0,45732.42
44700.0,45380.67
44998.0,45409.523
44250.0,45689.58
44850.0,45078.215
44900.0,45497.75
44949.0,45628.594
44850.0,45686.754
44999.0,45601.31
45000.0,45714.336
45000.0,45735.598
44995.0,45736.574
44999.0,45730.87
45000.0,45733.156
44998.0,45734.703
44998.0,45733.35
44999.0,45733.184
44900.0,45734.125
44900.0,45646.656
44895.0,45631.95
44895.0,45627.773
44501.0,45628.51
44998.0,45280.49
45000.0,45661.734
44500.0,45738.49
44999.0,45300.793
44999.0,45662.78
45000.0,45735.402
45000.0,45741.746
44503.0,45737.613
44999.0,45295.19
44499.0,45659.49
44988.0,45292.395
44000.0,45657.25
44000.0,44853.43
44000.0,44709.293
44000.0,44706.527
45000.0,44718.785
43890.0,45609.203
42100.0,44777.668
41890.0,43030.582
43000.0,42559.508
44999.0,43516.855
45149.0,45488.465
44100.0,45937.113
43900.0,45011.062
43999.0,44636.742
44000.0,44677.84
44199.0,44707.676
44199.0,44896.52
43400.0,44930.215
41500.0,44224.465
40500.0,42427.92
39603.0,41258.812
39799.0,40330.668
39000.0,40395.664
39000.0,39757.41
38999.0,39652.805
38800.0,39652.863
38800.0,39486.91
38800.0,39456.957
38800.0,39455.402
38900.0,39456.855
38900.0,39544.75
38900.0,39560.723
38999.0,39560.8
38999.0,39645.855
38890.0,39661.15
38999.0,39566.15
39000.0,39642.793
39000.0,39660.57
39500.0,39662.652
39400.0,40099.164
39600.0,40090.684
39500.0,40249.863
39534.0,40186.2
41000.0,40198.113
40839.0,41485.39
40500.0,41575.207
40050.0,41252.75
39950.0,40782.883
40051.0,40616.855
40000.0,40694.605
40000.0,40677.156
40500.0,40675.87
40542.0,41114.1
39500.0,41229.047
39498.0,40322.434
39250.0,40148.113
39000.0,39926.04
38996.0,39683.5
38920.0,39648.203
39210.0,39586.72
39600.0,39833.156
39597.0,40221.582
39700.0,40281.51
39800.0,40366.35
39999.0,40461.344
39997.0,40647.914
40500.0,40675.746
40500.0,41114.68
41490.0,41190.535
39900.0,42058.516
39000.0,40810.754
38300.0,39771.59
38601.0,39002.125
38600.0,39170.438
38700.0,39242.58
38805.0,39351.01
39000.0,39459.902
38000.0,39643.56
39000.0,38797.34
38000.0,39505.86
38509.0,38787.72
39700.0,39086.52
39750.0,40200.277
36502.0,40444.27
36700.0,37619.297
36500.0,37247.555
36002.0,37089.53
36000.0,36673.973
36000.0,36613.39
36000.0,36619.723
36200.0,36627.055
38500.0,36801.938
35000.0,38836.266
35011.0,36166.625
35500.0,35604.207
35000.0,35981.92
35000.0,35667.184
34600.0,35610.625
35000.0,35263.137
34998.0,35546.625
34998.0,35611.65
34999.0,35618.6
34000.0,35615.594
33500.0,34748.785
33450.0,34148.777
33300.0,34017.426
33500.0,33893.81
33102.0,34057.523
33101.0,33754.652
33000.0,33690.4
33110.0,33598.266
33000.0,33679.67
33400.0,33605.36
33450.0,33934.254
33497.0,34043.77
32533.0,34095.34
33500.0,33266.9
33500.0,33932.76
33500.0,34090.984
31600.0,34110.5
30800.0,32468.174
29999.0,31451.283
29989.0,30614.396
29985.0,30491.355
29950.0,30511.234
29950.0,30505.299
29950.0,30507.635
29950.0,30507.178
29899.0,30505.258
29989.0,30459.96
29989.0,30527.19
29996.0,30542.463
29950.0,30550.08
29993.0,30511.316
29996.0,30539.771
29996.0,30549.555
29935.0,30551.283
29794.0,30499.045
29595.0,30367.549
29495.0,30172.188
29499.0,30051.824
29350.0,30039.213
29200.0,29916.61
29200.0,29766.021
29100.0,29739.771
29000.0,29655.678
29166.0,29556.078
29200.0,29680.965
29200.0,29740.467
29200.0,29749.975
29390.0,29748.492
29400.0,29908.861
29299.0,29950.066
29200.0,29866.695
29200.0,29761.43
29000.0,29741.506
28949.0,29571.22
28801.0,29495.006
28900.0,29359.637
28900.0,29421.17
28900.0,29440.283
28681.0,29444.229
28800.0,29257.03
28850.0,29318.924
28800.0,29380.602
28889.0,29351.016
28889.0,29418.592
28650.0,29432.672
28888.0,29229.37
28890.0,29388.902
28649.0,29430.4
28599.0,29230.535
28600.0,29143.607
28500.0,29132.266
28500.0,29050.049
28600.0,29035.271
28599.0,29120.984
28500.0,29139.645
28350.0,29056.51
28388.0,28909.441
28500.0,28913.354
28789.0,29015.744
28800.0,29285.904
28799.0,29348.58
28800.0,29350.03
28925.0,29344.832
28900.0,29448.355
28700.0,29448.31
28700.0,29274.262
28949.0,29236.96
28500.0,29447.55
28340.0,29111.852
28450.0,28899.588
28200.0,28958.152
28121.0,28768.291
28300.0,28663.266
28300.0,28800.654
28060.0,28835.373
28040.0,28635.215
28100.0,28573.518
28100.0,28617.514
28000.0,28631.244
27930.0,28548.992
28000.0,28471.455
27998.0,28517.332
27900.0,28528.943
28000.0,28447.662
27900.0,28515.121
27800.0,28446.615
27800.0,28345.727
27800.0,28326.307
27800.0,28326.467
27890.0,28328.795
27900.0,28406.648
27800.0,28431.559
27300.0,28348.828
27000.0,27903.973
27300.0,27557.348
27500.0,27755.527
27750.0,27986.318
28100.0,28247.656
28000.0,28591.668
28000.0,28565.45
27310.0,28542.879
27300.0,27945.658
27900.0,27811.096
27100.0,28314.762
27500.0,27753.746
27800.0,27962.627
27499.0,28275.875
27500.0,28083.84
27999.0,28032.037
26900.0,28447.719
26800.0,27603.123
26200.0,27326.604
25500.0,26782.885
25050.0,26093.365
25500.0,25590.434
25500.0,25896.139
25997.0,25992.074
25600.0,26433.0
25999.0,26185.676
26850.0,26451.838
27000.0,27232.594
27647.0,27518.602
29500.0,28099.277
29949.0,29781.594
29995.0,30488.678
30000.0,30605.62
28700.0,30584.729
28750.0,29450.186
28650.0,29255.402
28852.0,29169.92
28900.0,29348.318
29000.0,29437.56
28800.0,29538.08
28800.0,29382.379
28999.0,29343.645
28999.0,29508.148
28800.0,29544.78
29000.0,29377.7
29750.0,29510.518
29998.0,30183.793
29999.0,30532.326
30000.0,30580.273
30100.0,30569.451
30000.0,30643.81
30400.0,30571.59
30800.0,30897.057
30800.0,31308.533
30950.0,31382.162
31899.999999999996,31507.75
31520.0,32339.926
29000.0,32173.773
28650.0,29952.826
28400.0,29195.56
28000.0,28900.844
28000.0,28555.111
27999.0,28512.53
27500.0,28523.041
27450.0,28106.979
27450.0,27976.883
27300.0,27962.607
27300.0,27841.15
27300.0,27818.893
27000.0,27819.236
27000.0,27566.754
27000.0,27514.02
26500.0,27511.87
26800.0,27092.158
26500.0,27259.512
25999.0,27055.648
27000.0,26587.174
25300.0,27343.24
24700.0,26081.738
24999.0,25284.355
25220.0,25400.107
26000.0,25655.268
26250.0,26383.283
25500.0,26745.941
26250.0,26158.332
26250.0,26642.828
25999.0,26758.79
25500.0,26559.756
25500.0,26086.172
25000.0,25988.691
25001.0,25563.639
25500.0,25483.559
25500.0,25907.4
25000.0,26008.828
25000.0,25595.28
25000.0,25496.412
25500.0,25485.967
25500.0,25915.145
26000.0,26011.531
25997.0,26441.857
24500.0,26522.639
25000.0,25254.787
25000.0,25393.285
25000.0,25465.59
25000.0,25493.902
24989.0,25501.322
24000.0,25492.178
23700.0,24653.371
23551.0,24216.646
23748.0,24024.61
23750.0,24175.74
23750.0,24227.533
23997.0,24238.799
23501.0,24446.506
23001.0,24071.707
23500.0,23559.572
23500.0,23876.605
23500.0,23969.705
23500.0,23987.879
23500.0,23986.809
24100.0,23983.664
24000.0,24488.02
23350.0,24514.525
23000.0,23954.352
22800.0,23528.154
22800.0,23282.967
22801.0,23251.338
22800.0,23262.78
22800.0,23271.74
23000.0,23275.164
23001.0,23443.738
23400.0,23481.328
23699.0,23819.209
23501.0,24142.18
23600.0,24033.11
23550.0,24075.834
23900.0,24041.05
23960.0,24327.08
23890.0,24441.912
23900.0,24398.627
24000.0,24389.75
24200.0,24470.973
22250.0,24657.877
21500.0,23054.275
21500.0,22061.742
22000.0,21893.248
22000.0,22332.875
23500.0,22459.576
24050.0,23742.67
22499.0,24482.553
22100.0,23288.125
21900.0,22641.62
22000.0,22355.2
22709.0,22411.07
23000.0,23044.88
23080.0,23438.852
23099.0,23572.555
23300.0,23594.615
23990.0,23754.84
24000.0,24366.717
24005.0,24503.125
24000.0,24513.256
24500.0,24497.393
24999.0,24911.334
24999.0,25423.53
24500.0,25520.783
24501.0,25096.445
25000.0,24992.639
25000.0,25403.117
25000.0,25501.598
25000.0,25511.924
25000.0,25505.89
25000.0,25501.092
24750.0,25499.174
25000.0,25287.406
25500.0,25452.936
25998.0,25919.79
26000.0,26440.074
26000.0,26535.766
25500.0,26530.697
25500.0,26093.066
26000.0,25995.143
26000.0,26412.738
25650.0,26512.727
25310.0,26226.516
25310.0,25868.623
26899.0,25798.24
25100.0,27146.611
25000.0,25919.172
25000.0,25526.115
25000.0,25465.941
24550.0,25478.086
24700.0,25112.078
24800.0,25162.355
24700.0,25271.283
24750.0,25213.457
24800.0,25239.672
24800.0,25287.912
24800.0,25297.53
24899.0,25297.55
24750.0,25380.176
25450.0,25271.89
25550.0,25837.707
26000.0,26047.936
26001.0,26455.898
26000.0,26529.605
26500.0,26524.941
26700.0,26938.621
25999.0,27194.525
26000.0,26639.613
26000.0,26507.52
26700.0,26493.842
27000.0,27096.26
27000.0,27484.732
27300.0,27547.426
27999.0,27793.773
27500.0,28430.549
27700.0,28128.033
27700.0,28208.576
27500.0,28226.705
27500.0,28059.36
27003.0,28023.645
26700.0,27599.465
27000.0,27256.01
26999.0,27453.953
26800.0,27513.281
26999.0,27356.164
26700.0,27488.436
26999.0,27266.158
29150.0,27469.582
29199.0,29352.416
29000.0,29784.172
28699.0,29635.887
28500.0,29306.906
28400.0,29060.596
28197.0,28935.045
28000.0,28750.387
28200.0,28554.434
27999.0,28693.953
28000.0,28562.045
28000.0,28533.566
27900.0,28530.648
28000.0,28446.648
28000.0,28514.656
28000.0,28531.79
28001.0,28534.02
28200.0,28534.047
27400.0,28703.035
27000.0,28057.139
26390.0,27575.414
26100.0,26975.762
26001.0,26627.145
25900.0,26498.87
26100.0,26408.744
26500.0,26570.885
27000.0,26951.36
26720.0,27453.023
27546.0,27305.896
27501.0,27952.807
28000.0,28047.748
26000.0,28469.764
28500.0,26847.645
28500.0,28611.701
29000.0,29035.64
29899.0,29510.545
29000.0,30345.6
29000.0,29721.115
28609.0,29554.148
29300.0,29194.305
29600.0,29720.988
29995.0,30104.355
29999.0,30509.938
29500.0,30578.012
29600.0,30143.877
29599.0,30130.209
29500.0,30138.658
28450.0,30061.836
28995.0,29151.61
28499.0,29431.12
27656.0,29098.443
28499.0,28313.83
29400.0,28878.906
29430.0,29797.672
29500.0,30005.545
29502.0,30071.434
29500.0,30064.69
29500.0,30051.98
29500.0,30047.316
29500.0,30047.162
29200.0,30048.307
29200.0,29792.975
29000.0,29740.66
29200.0,29567.986
29500.0,29708.334
31080.0,30001.389
29500.0,31413.133
29750.0,30336.365
28800.0,30277.22
28500.0,29470.111
28500.0,29058.324
28500.0,29005.164
28500.0,29020.975
28324.0,29035.3
27501.0,28890.266
27500.0,28158.125
27499.0,28007.512
27300.0,28001.654
27300.0,27846.66
29002.0,27819.127
29000.0,29270.541
29100.0,29575.47
28901.0,29674.113
28900.0,29494.072
29100.0,29442.447
29000.0,29605.566
29300.0,29558.55
29500.0,29801.926
29100.0,30023.766
29000.0,29719.71
29000.0,29560.727
28700.0,29534.352
28700.0,29281.396
28600.0,29233.076
28600.0,29147.746
29000.0,29135.23
28200.0,29478.459
27800.0,28868.97
28500.0,28389.66
28500.0,28902.062
28500.0,29032.809
28500.0,29050.98
28500.0,29045.54
28499.0,29040.025
28010.0,29036.77
28350.0,28619.312
27501.0,28822.152
27161.0,28156.336
28000.0,27726.225
27500.0,28371.646
27400.0,28105.615
27493.0,27950.336
27499.0,27999.03
26000.0,28020.703
25999.0,26752.912
25500.0,26481.455
26200.0,26044.531
26200.0,26570.783
25800.0,26708.516
26000.0,26388.3
26001.0,26478.342
26000.0,26505.209
26500.0,26509.824
26200.0,26933.89
26500.0,26769.557
26200.0,26973.98
26500.0,26763.111
26500.0,26966.076
26980.0,27014.645
26808.0,27428.074
27000.0,27366.371
27000.0,27500.672
27000.0,27525.354
26750.0,27525.045
26749.0,27309.969
26750.0,27262.814
26998.0,27261.223
26550.0,27476.39
26550.0,27143.283
26500.0,27065.2
26900.0,27014.719
26500.0,27349.967
26999.0,27085.621
26650.0,27442.604
26999.0,27226.865
26300.0,27467.082
26169.0,26928.008
26397.0,26695.305
26500.0,26855.3
26450.0,26991.943
25799.0,26978.484
25100.0,26417.86
24600.0,25703.78
23901.0,25145.764
23900.0,24467.092
23400.0,24349.74
23000.0,23937.93
21601.0,23526.707
21829.0,22279.262
22504.0,22212.102
23200.0,22816.262
23000.0,23559.717
23000.0,23541.469
22500.0,23502.799
22314.0,23060.287
22312.0,22802.678
23000.0,22759.414
22090.0,23344.96
23000.0,22718.484
22000.0,23325.355
22000.0,22634.848
22000.0,22464.879
22000.0,22445.107
22000.0,22454.576
22000.0,22462.543
23830.0,22465.688
22500.0,24006.768
22000.0,23228.96
21899.0,22580.547
21897.0,22356.418
21899.0,22332.031
21899.0,22348.066
21590.0,22359.943
21351.0,22105.105
21350.0,21846.797
21630.0,21796.21
21000.0,22032.262
21000.0,21563.953
21000.0,21451.363
20600.0,21439.781
20600.0,21111.95
20600.0,21041.178
19700.0,21038.096
20299.0,20292.54
20000.0,20624.71
19750.0,20478.959
19500.0,20235.383
19500.0,19974.484
19500.0,19924.443
19300.0,19926.28
19300.0,19766.621
19399.0,19731.816
19300.0,19812.684
19500.0,19752.385
19001.0,19903.541
19000.0,19523.566
19000.0,19429.693
18999.0,19419.918
18970.0,19425.3
18550.0,19405.893
18601.0,19052.322
18982.0,19013.277
19569.0,19334.951
19300.0,19906.328
19000.0,19804.516
19000.0,19505.475
19490.0,19429.908
19150.0,19830.531
19100.0,19646.842
19100.0,19550.754
18795.0,19530.309
19372.0,19275.875
19999.0,19700.525
20000.0,20333.08
19700.0,20468.088
19350.0,20220.11
20079.0,19854.783
20000.0,20382.887
19998.0,20454.414
20000.0,20456.451
19900.0,20450.535
20000.0,20362.543
20000.0,20425.166
20000.0,20442.719
19850.0,20445.814
19850.0,20320.1
19650.0,20290.613
19448.0,20121.172
19290.0,19916.346
19160.0,19744.436
19100.0,19606.498
19000.0,19534.639
19001.0,19443.277
19001.0,19428.508
19218.0,19430.188
18811.0,19613.742
18800.0,19317.492
18800.0,19232.766
18800.0,19221.217
18800.0,19225.15
18800.0,19229.031
18800.0,19230.76
18801.0,19231.176
18850.0,19231.955
18850.0,19272.865
18650.0,19282.322
18600.0,19116.373
18600.0,19035.152
18500.0,19022.062
18400.0,18941.154
18450.0,18841.54
18410.0,18863.684
18400.0,18840.594
18300.0,18827.875
18200.0,18742.684
18270.0,18640.293
18200.0,18677.951
18200.0,18633.635
18200.0,18623.805
18300.0,18623.186
18400.0,18707.21
18200.0,18810.445
18200.0,18665.096
18100.0,18626.006
18200.0,18537.111
18100.0,18602.52
18200.0,18539.188
18200.0,18606.85
17810.0,18624.615
17200.0,18302.63
18500.0,17718.94
18702.0,18673.48
18800.0,19092.674
19100.0,19246.967
19000.0,19506.37
18400.0,19467.186
18400.0,18943.213
18400.0,18817.514
18350.0,18807.021
18301.0,18775.736
18501.0,18732.834
18700.0,18891.973
18700.0,19097.11
18700.0,19139.578
19030.0,19139.447
19099.0,19408.896
19000.0,19527.203
18750.0,19461.72
17560.0,19229.873
17579.0,18185.64
17600.0,17965.537
17600.0,17973.666
17500.0,18000.707
17301.0,17932.441
17300.0,17752.053
17250.0,17710.598
17300.0,17666.344
17300.0,17701.521
17500.0,17712.904
17599.0,17881.432
17600.0,18002.855
17300.0,18025.783
17460.0,17774.945
17600.0,17845.133
17100.0,17986.373
17100.0,17605.586
17200.0,17510.615
17500.0,17583.291
17500.0,17858.18
17450.0,17923.584
17000.0,17886.988
16700.0,17497.973
16600.0,17155.941
16500.0,17006.154
16900.0,16906.402
16900.0,17227.12
16900.0,17311.736
16900.0,17322.432
16900.0,17317.443
16900.0,17312.838
16300.0,17310.799
16990.0,16813.121
16990.0,17266.762
17000.0,17393.734
17000.0,17422.818
17400.0,17420.693
17350.0,17747.525
17700.0,17781.842
17670.0,18068.127
17301.0,18104.58
16740.0,17793.988
16600.0,17249.236
16500.0,17013.686
16500.0,16899.443
16350.0,16890.863
16450.0,16775.568
16013.000000000002,16834.705
16300.0,16492.059
16015.0,16647.004
16000.000000000002,16460.412
16010.0,16402.293
16050.0,16402.902
16020.0,16440.773
16010.0,16426.682
16199.999999999998,16414.094
16000.000000000002,16568.422
16100.0,16440.35
16199.999999999998,16486.854
16202.0,16583.406
16199.999999999998,16607.668
16500.0,16608.01
16199.999999999998,16854.186
16700.0,16663.672
16300.0,17022.94
16100.0,16780.688
16300.0,16545.488
16150.0,16659.217
16299.0,16573.209
16401.0,16676.162
16450.0,16788.291
16450.0,16852.844
16450.0,16862.715
16401.0,16860.398
16410.0,16817.148
16500.0,16813.725
16500.0,16889.043
16500.0,16907.877
16351.0,16909.88
16355.0,16785.184
16330.0,16757.996
16301.000000000002,16735.25
16450.0,16708.656
16500.0,16827.623
16000.000000000002,16899.098
15746.000000000002,16498.186
15499.0,16187.803
15400.0,15922.47
15400.0,15794.012
15200.0,15779.705
15300.0,15622.0
15350.0,15670.719
15100.0,15730.83
15400.0,15539.419
15500.0,15738.557
15300.0,15875.485
16250.000000000002,15738.223
14999.0,16483.643
14408.0,15630.943
13989.0,14911.299
13950.0,14412.91
13878.0,14295.803
12800.0,14241.49
13086.0,13359.017
14540.0,13383.846
16300.0,14622.909
16199.999999999998,16395.025
15767.999999999998,16696.592
16650.0,16325.694
15800.0,16922.145
16000.000000000002,16359.729
16085.999999999998,16370.312
15301.0,16458.484
16800.0,15837.187
16201.0,16927.959
18000.0,16716.062
17990.0,18126.576
17500.0,18446.64
18655.0,18059.89
18600.0,18896.092
18999.0,19048.973
18400.0,19388.875
18220.0,18952.732
18000.0,18683.402
17900.0,18447.326
18150.0,18323.67
18700.0,18517.312
19200.0,19030.723
19400.0,19563.611
19400.0,19832.896
19400.0,19866.584
19100.0,19853.412
19000.0,19591.566
19000.0,19445.77
18500.0,19421.697
18500.0,19009.273
18349.0,18917.867
18002.0,18787.54
18300.0,18478.07
18000.0,18661.46
17800.0,18468.885
17800.0,18255.688
17800.0,18211.354
17800.0,18210.922
17850.0,18216.227
17750.0,18260.852
17650.0,18188.459
17650.0,18086.604
17550.0,18064.58
17650.0,17980.963
17800.0,18047.035
17800.0,18191.39
17400.0,18224.467
17250.0,17894.023
17148.0,17687.955
17150.0,17565.617
17200.0,17550.637
17200.0,17597.914
17205.0,17612.979
16700.0,17620.0
16710.0,17201.598
16600.0,17109.69
16550.0,17011.96
16500.0,16956.896
16500.0,16909.508
16550.0,16902.729
16580.0,16945.75
16599.0,16982.12
16600.0,17005.215
16600.0,17009.547
16600.0,17008.926
16600.0,17008.053
16600.0,17007.701
16500.0,17007.695
16450.0,16924.941
16500.0,16863.873
16600.0,16893.896
16600.0,16987.51
16600.0,17010.057
16600.0,17011.861
16400.0,17009.936
16400.0,16842.81
16500.0,16802.732
16500.0,16882.293
16500.0,16905.37
16598.0,16909.375
16599.0,16989.885
16600.0,17009.04
16600.0,17011.08
16600.0,17009.537
16600.0,17008.396
16600.0,17007.992
16500.0,17007.969
16502.0,16925.182
16500.0,16907.152
16700.0,16904.326
16600.0,17071.346
16600.0,17029.043
16600.0,17012.904
16360.000000000002,17008.135
16199.999999999998,16808.52
16199.999999999998,16628.81
16500.0,16593.555
16650.0,16843.494
16800.0,17032.63
16850.0,17194.352
16900.0,17263.748
16850.0,17311.46
16850.0,17274.938
16850.0,17262.37
16850.0,17259.61
16900.0,17259.838
16900.0,17301.959
16900.0,17312.225
17050.0,17313.16
16950.0,17436.785
16800.0,17382.715
17000.0,17240.682
16980.0,17372.93
16980.0,17393.252
16900.0,17395.38
16950.0,17327.55
16950.0,17352.049
17000.0,17360.111
17000.0,17403.531
17000.0,17413.502
17000.0,17414.084
16900.0,17413.125
16870.0,17329.53
17000.0,17284.72
17000.0,17385.049
16904.0,17411.832
16300.0,17335.902
16800.0,16815.127
16800.0,17107.363
16750.0,17197.463
16500.0,17174.65
16490.0,16956.934
16500.0,16895.4
16500.0,16896.674
16500.0,16902.44
16799.0,16905.803
16600.0,17154.828
16600.0,17049.037
16199.999999999998,17014.377
16000.000000000002,16674.928
15949.999999999998,16429.951
15998.0,16343.46
16000.000000000002,16377.151
16000.000000000002,16395.72
15949.999999999998,16401.88
15949.999999999998,16361.441
15949.999999999998,16350.992
15949.999999999998,16349.596
15901.0,16350.099
15800.0,16310.065
15800.0,16217.049
15699.999999999998,16196.296
15699.999999999998,16112.777
15699.999999999998,16095.141
15900.0,16094.926
15949.999999999998,16262.491
15699.999999999998,16344.861
15999.0,16151.666
15500.0,16346.949
15500.0,15986.323
15500.0,15894.54
15300.0,15884.001
15400.0,15724.464
15499.0,15772.0625
15499.0,15872.4795
15500.0,15897.494
15120.0,15900.547
16850.0,15584.711
16900.0,16939.203
16850.0,17317.197
16900.0,17319.336
16860.0,17328.252
16811.0,17285.023
16850.0,17230.39
16812.0,17250.941
17000.0,17227.46
17000.0,17378.518
17000.0,17415.506
17000.0,17418.94
17000.0,17416.057
17000.0,17413.78
17200.0,17412.78
16998.0,17578.465
16780.0,17450.158
16720.0,17232.75
16650.0,17133.66
16675.0,17061.291
16637.0,17072.205
16400.0,17048.738
16450.0,16848.195
16372.0,16842.912
16250.000000000002,16784.826
16300.0,16673.121
16400.0,16691.04
16000.000000000002,16783.457
15898.999999999998,16475.645
15602.0,16315.244
15690.0,16041.347
15600.0,16058.451
15500.0,16002.373
15500.0,15910.912
15200.0,15892.34
15400.0,15644.473
15300.0,15752.1
15500.0,15705.557
15500.0,15859.446
15300.0,15897.995
15596.0,15736.66
15500.0,15938.686
15500.0,15912.833
15800.0,15901.081
15400.0,16145.065
15500.0,15873.206
15500.0,15881.312
15500.0,15889.968
15400.0,15894.719
15160.0,15813.914
15400.0,15596.164
15400.0,15744.8
15500.0,15790.123
15500.0,15881.759
15500.0,15901.056
15300.0,15901.015
15250.0,15733.153
15192.0,15650.455
15200.0,15588.721
15300.0,15586.121
15300.0,15672.636
15491.0,15695.268
15200.0,15855.757
14800.0,15651.908
14900.0,15265.559
14990.0,15259.465
14997.0,15349.186
14949.0,15383.756
14975.0,15351.49
14650.0,15363.004
14420.0,15097.828
14250.0,14843.42
14200.0,14651.307
14100.0,14576.946
14200.0,14489.028
14050.0,14557.386
14001.0,14456.371
14080.0,14390.608
14099.0,14442.802
14150.0,14474.925
14200.0,14524.189
14200.0,14575.859
14150.0,14585.977
14150.0,14544.345
14000.0,14532.74
14000.0,14407.535
14000.0,14377.945
14000.0,14375.95
14000.0,14378.704
14100.0,14380.624
14500.0,14463.697
14100.0,14813.605
14553.0,14566.125
14680.0,14864.369
14800.0,15045.499
14790.0,15179.091
14800.0,15192.707
14850.0,15195.231
15000.0,15233.369
15400.0,15365.27
14800.0,15726.032
14700.0,15312.347
14700.0,15113.886
14900.0,15075.176
14814.0,15242.614
15000.0,15218.494
14700.0,15361.919
14400.0,15147.984
14300.0,14842.679
14001.0,14691.621
14000.0,14422.524
14000.0,14367.243
14000.0,14368.164
14000.0,14375.844
14000.0,14380.087
14250.0,14381.305
14250.0,14587.183
14002.0,14637.235
14350.0,14437.196
14100.0,14669.909
14100.0,14526.663
14100.0,14485.429
14010.0,14478.318
14000.0,14405.405
14400.0,14380.793
14000.0,14707.646
14000.0,14460.163
14000.0,14387.955
14000.0,14374.888
14000.0,14376.54
14000.0,14379.405
14000.0,14380.923
14002.0,14381.3955
14010.0,14383.06
14000.0,14389.956
14000.0,14383.296
14000.0,14381.358
14194.0,14381.027
14000.0,14540.895
14002.0,14420.295
14002.0,14386.368
14100.0,14380.229
14100.0,14461.762
14100.0,14482.913
14195.0,14485.405
14095.0,14562.331
14002.0,14497.918
14100.0,14402.363
14000.0,14460.91
14000.0,14397.133
14100.0,14381.015
13950.0,14461.5625
13942.0,14359.179
13942.0,14324.942
13700.0,14319.351
14000.0,14121.256
14000.0,14320.762
14000.0,14377.655
14299.0,14387.096
14469.0,14631.514
13800.0,14829.35
14300.0,14316.506
14299.0,14591.43
14000.0,14673.181
13800.0,14442.958
13780.0,14217.182
13600.0,14152.236
13600.0,13999.6875
13302.0,13969.19
13500.0,13724.928
13350.0,13831.717
13300.0,13745.331
13500.0,13682.842
13780.0,13834.772
13000.0,14105.987
12551.0,13526.766
12929.0,13003.131
13404.0,13200.988
13500.0,13668.018
13718.0,13865.665
13301.0,14076.31
13350.0,13770.0625
13086.0,13721.049
13386.0,13498.648
13800.0,13695.506
13850.0,14095.524
14000.0,14231.841
14000.0,14371.843
13801.0,14394.008
13500.0,14225.73
13000.0,13932.516
12900.0,13454.723
13500.0,13268.352
13200.0,13739.236
13000.0,13625.329
13150.0,13420.642
13150.0,13491.899
13000.0,13516.69
12900.0,13399.716
12600.0,13287.628
12500.0,13017.66
12360.0,12874.624
13700.0,12736.999
14000.0,13814.257
13997.0,14336.976
13700.0,14424.618
13580.0,14165.772
13999.0,13986.581
14000.0,14291.768
14000.0,14377.233
14020.0,14390.86
14450.0,14404.403
14499.0,14759.092
14500.0,14884.581
14500.0,14901.921
14600.0,14895.746
14500.0,14972.205
14500.0,14907.197
14500.0,14888.28
14500.0,14885.051
14499.0,14885.657
14533.0,14885.648
14500.0,14913.851
14116.0,14893.493
14300.0,14570.939
14240.0,14644.065
14100.0,14624.897
14000.0,14507.068
13724.0,14397.192
13551.0,14147.904
13551.0,13950.428
13500.0,13913.653
13401.0,13874.733
13550.0,13789.621
13498.0,13894.583
13300.0,13881.916
13300.0,13713.448
13251.0,13671.21
13350.0,13626.696
13350.0,13701.271
13350.0,13722.973
13350.0,13726.673
13350.0,13725.968
13300.0,13724.997
13280.0,13683.418
13199.0,13656.732
13199.0,13585.23
13200.0,13569.31
13250.0,13569.628
13280.0,13612.745
13100.0,13648.714
13000.0,13508.176
13001.0,13389.276
13000.0,13365.288
13000.0,13365.018
13000.0,13368.417
13100.0,13370.477
13100.0,13453.325
13100.0,13473.695
13102.0,13475.442
13100.0,13475.399
13300.0,13472.914
13300.0,13636.447
13400.0,13676.917
13500.0,13762.919
13500.0,13862.33
13500.0,13882.051
13501.0,13881.349
13500.0,13879.206
13680.0,13876.992
13501.0,14024.431
13750.0,13913.578
13600.0,14085.607
13600.0,14006.473
13520.0,13981.354
13299.0,13910.114
13300.0,13712.261
13300.0,13667.657
13300.0,13665.56
13500.0,13670.233
13497.0,13837.732
13497.0,13876.844
13495.0,13879.976
13236.0,13874.89
13250.0,13659.013
13200.0,13617.009
13200.0,13573.867
13000.0,13568.272
13300.0,13406.104
13300.0,13613.98
13348.0,13671.952
13300.0,13720.257
13300.0,13688.058
13300.0,13676.422
13300.0,13673.445
13390.0,13673.297
13100.0,13747.709
13000.0,13527.933
12902.0,13388.789
12900.0,13281.2295
12900.0,13261.325
12900.0,13263.755
12900.0,13267.806
12602.0,13269.78
12416.0,13025.634
12800.0,12812.27
12800.0,13083.627
12800.0,13163.025
12850.0,13176.877
13000.0,13215.578
13119.0,13345.466
13050.0,13472.876
13150.0,13441.842
13200.0,13509.242
13001.0,13565.5625
13017.0,13413.099
13299.0,13385.42
13000.0,13615.066
13299.0,13429.217
13299.0,13621.363
13499.0,13672.766
13450.0,13844.204
13000.0,13841.822
12900.0,13463.19
12890.0,13284.552
12900.0,13245.718
12650.0,13256.864
12600.0,13060.704
12889.0,12972.698
12850.0,13195.938
12850.0,13225.606
12850.0,13226.592
12200.0,13222.841
11950.0,12687.046
11700.0,12348.624
11502.0,12080.064
11500.0,11872.2705
11500.0,11837.152
11447.0,11843.225
11102.0,11807.96
11000.0,11518.626
10700.0,11363.971
10900.0,11091.527
10850.0,11196.661
10890.0,11197.113
10800.0,11231.432
10800.0,11166.744
10800.0,11148.9
10800.0,11146.254
10800.0,11147.087
10700.0,11148.045
10500.0,11066.898
10400.0,10883.169
10350.0,10758.22
10500.0,10694.219
10001.0,10808.665
10000.0,10436.327
9960.0,10338.301
9901.0,10294.048
9900.0,10243.825
9801.0,10235.335
9900.0,10156.208
9900.0,10218.254
9990.0,10237.667
10375.0,10314.891
10700.0,10647.344
10490.0,10993.78
10700.0,10895.795
10994.0,11023.18
10950.0,11292.153
10899.0,11318.455
10890.0,11271.015
10800.0,11245.975
10500.0,11166.08
10150.0,10902.175
10100.0,10553.503
10050.0,10435.911
10000.0,10383.4795
10000.0,10340.976
10000.0,10336.274
10100.0,10338.633
10090.0,10421.958
10400.0,10435.155
10599.0,10688.059
10700.0,10912.955
10750.0,11041.929
10451.0,11102.502
10750.0,10863.78
10850.0,11041.494
10800.0,11175.671
10900.0,11165.1875
10900.0,11237.555
10900.0,11253.611
10900.0,11254.074
10900.0,11252.209
10900.0,11251.024
10800.0,11250.584
10800.0,11168.797
10996.0,11148.141
10997.0,11306.258
10800.0,11349.11
10814.0,11193.529
10500.0,11161.679
10450.0,10901.755
10400.0,10798.277
10300.0,10742.627
10200.0,10655.458
10200.0,10557.058
10500.0,10537.245
10700.0,10782.681
10947.0,11011.191
10999.0,11262.219
11000.0,11355.6
11000.0,11365.246
11500.0,11358.472
10600.0,11762.162
10700.0,11127.564
10400.0,11033.407
10400.0,10783.292
10300.0,10731.406
10400.0,10650.856
10165.0,10719.331
10100.0,10550.571
10100.0,10453.726
10100.0,10434.951
10200.0,10436.192
9950.0,10521.068
9900.0,10339.8125
9950.0,10249.803
9900.0,10273.417
9900.0,10244.644
9900.0,10238.714
9900.0,10238.768
9900.0,10239.559
9769.0,10240.01
9500.0,10133.411
9063.0,9887.082
9063.0,9472.649
9050.0,9377.616
9050.0,9363.477
9063.0,9371.752
8701.0,9389.264
8700.0,9100.568
8650.0,9024.686
8700.0,8975.47
8600.0,9010.793
8600.0,8943.435
8600.0,8926.334
8600.0,8924.537
8502.0,8925.746
8439.0,8847.158
8700.0,8775.872
8700.0,8972.636
8700.0,9027.681
8670.0,9035.734
8650.0,9008.686
8700.0,8983.297
8600.0,9017.722
8600.0,8946.663
8700.0,8927.521
8600.0,9006.333
8643.0,8947.243
8643.0,8964.448
8643.0,8970.185
7870.0,8971.511
7800.0,8344.199
7750.0,8124.508
7750.0,8051.6353
7750.0,8051.4136
7750.0,8061.3755
7750.0,8067.3994
7749.0,8069.4277
7749.0,8068.7695
7700.0,8068.234
7749.0,8028.2466
7700.0,8057.558
7698.0,8027.166
7650.0,8017.195
7511.0,7976.765
7550.0,7854.4565
7550.0,7856.079
7550.0,7862.1807
7549.0,7865.962
7500.0,7866.6587
7500.0,7827.0933
7500.0,7816.645
7500.0,7815.4297
7500.0,7816.144
7500.0,7816.78
7450.0,7817.078
7450.0,7776.6714
7400.0,7766.097
7400.0,7724.451
7450.0,7714.638
7530.0,7754.6475
7515.0,7831.122
7515.0,7837.796
7550.0,7835.964
7400.0,7862.1304
7350.0,7746.9233
7350.0,7675.122
7350.0,7660.5166
7350.0,7661.301
7300.0,7663.8965
7300.0,7624.9
7300.0,7614.7944
7300.0,7613.6733
7300.0,7614.36
7150.0,7614.9424
7100.0,7493.7715
7050.0,7421.548
7055.0,7366.9917
7055.0,7361.5693
7055.0,7364.212
6850.0,7366.632
6850.0,7201.8823
6850.0,7158.5664
6850.0,7153.7266
6820.0,7156.8193
6800.0,7135.22
6800.0,7113.8545
6800.0,7109.2026
6800.0,7109.1826
6900.0,7109.825
6900.0,7191.1133
6900.0,7212.5615
6900.0,7214.965
7530.0,7213.443
7550.0,7722.1772
7500.0,7871.5425
7550.0,7849.6836
7550.0,7870.3354
7550.0,7871.29
7550.0,7869.4077
7400.0,7868.36
7400.0,7746.6274
7400.0,7714.929
7400.0,7711.553
7400.0,7713.8755
7400.0,7715.7686
7400.0,7716.5254
7399.0,7716.626
7400.0,7715.6943
7400.0,7716.1587
7450.0,7716.2646
7400.0,7756.7676
7400.0,7726.86
7400.0,7717.421
7400.0,7715.507
7400.0,7715.6406
7500.0,7716.0205
7500.0,7797.2476
7500.0,7818.516
7400.0,7820.828
7450.0,7738.2725
7450.0,7756.268
7450.0,7763.986
7420.0,7766.553
7400.0,7742.8115
7500.0,7720.2217
7550.0,7796.1655
7649.0,7857.774
7650.0,7951.539
7600.0,7973.31
7560.0,7933.336
7600.0,7887.6333
7600.0,7908.6973
7600.0,7916.3955
7600.0,7918.506
7600.0,7918.7686
7600.0,7918.6074
7500.0,7918.4424
7500.0,7837.326
7500.0,7816.1084
7500.0,7813.7876
7500.0,7815.323
7500.0,7816.6196
7500.0,7817.18
7500.0,7817.306
7500.0,7817.2754
7500.0,7817.225
7499.0,7817.1973
7500.0,7816.3853
7503.0,7816.993
7503.0,7819.628
7510.0,7820.317
7510.0,7826.066
7495.0,7827.503
7277.0,7815.475
7200.0,7635.6333
7200.0,7526.66
7150.0,7505.4775
7050.0,7466.7803
7050.0,7379.3706
6901.0,7359.245
6910.0,7237.874
6950.0,7215.7197
7001.0,7247.972
7100.0,7300.798
7100.0,7394.601
7150.0,7416.9214
7000.0,7458.514
6901.0,7345.2915
6700.0,7232.843
6698.0,7044.378
6503.0,6999.2583
6500.0,6839.8105
6361.0,6801.077
6360.0,6687.0425
6361.0,6660.8354
6360.0,6660.937
6360.0,6663.491
6360.0,6665.3003
6500.0,6665.985
6300.0,6779.214
6300.0,6647.5024
6300.0,6608.1416
6200.0,6601.2485
6201.0,6521.7925
6200.0,6503.1333
6200.0,6501.1816
6101.0,6502.8955
6150.0,6424.3174
6090.0,6443.263
6150.0,6403.0464
6082.0,6441.322
6050.0,6398.34
6000.0,6360.2563
6000.0,6311.16
5800.0,6300.2217
5840.0,6138.779
5670.0,6129.7173
5506.0,5997.2974
5500.0,5833.047
5500.0,5790.966
5500.0,5788.8857
5500.0,5793.5464
5500.0,5796.7417
5410.0,5797.9854
5500.0,5725.694
5382.0,5778.8096
5500.0,5700.77
5500.0,5774.083
5500.0,5796.4087
5500.0,5800.5225
5500.0,5799.959
5500.0,5798.998
5500.0,5798.4893
5450.0,5798.3413
5300.0,5758.058
5400.0,5626.515
5400.0,5673.6367
5336.0,5692.222
5520.0,5646.0933
6098.0,5781.378
6000.0,6285.2363
6020.0,6335.149
6100.0,6342.1396
6000.0,6397.6045
5900.0,6327.323
5901.0,6224.494
5907.0,6199.7573
6051.0,6203.09
6100.0,6323.2607
6050.0,6395.7017
6229.0,6369.9443
6240.0,6502.718
6250.0,6545.8267
6300.0,6559.652
6300.0,6599.7373
6402.0,6608.318
6056.0,6690.678
5601.0,6431.912
5400.0,5992.7446
5350.0,5723.1084
5400.0,5632.4175
5450.0,5667.9385
5450.0,5728.778
5449.0,5747.425
5400.0,5749.5737
5350.0,5708.787
5400.0,5656.697
5399.0,5684.4067
5400.0,5693.7344
5390.0,5697.0747
5300.0,5689.5674
5300.0,5614.8066
5250.0,5595.0854
5320.0,5552.7046
5250.0,5599.862
5400.0,5558.599
5399.0,5667.465
5400.0,5696.9463
5450.0,5701.667
5449.0,5740.411
5400.0,5748.673
5450.0,5709.4004
5450.0,5738.1567
5450.0,5747.068
5450.0,5748.833
5450.0,5748.7036
5400.0,5748.358
5400.0,5707.8613
5350.0,5697.0317
5350.0,5655.4897
5300.0,5645.496
5350.0,5604.644
5301.0,5635.2256
5400.0,5606.0044
5298.0,5677.507
5150.0,5615.3623
5120.0,5477.035
5152.0,5417.397
5300.0,5433.4595
5300.0,5561.8975
5300.0,5597.468
5300.0,5602.114
5300.0,5599.8604
5311.0,5597.6943
5470.0,5605.5337
5310.0,5735.7427
5500.0,5641.3164
5474.0,5763.864
1800.0,5777.298
1800.0,2831.3586
1800.0,2030.4806
1800.0,1930.1777
1800.0,1983.9453
1800.0,2034.2664
1500.0,2057.9922
1500.0,1825.1895
1500.0,1758.837
1500.0,1748.9998
1500.0,1752.5172
1500.0,1756.5582
1500.0,1758.906
1500.0,1760.0264
1500.0,1760.5786
1500.0,1760.9269
1000.0000000000001,1761.2025
1000.0000000000001,1362.9106
1000.0000000000001,1252.5459
1000.0000000000001,1238.6146
1000.0000000000001,1246.092
1000.0000000000001,1253.1494
100.0,1256.53
100.0,541.516
100.0,341.64218
97.0,315.52573
99.0,326.18634
49.0,339.774
49.0,306.575
49.0,297.411
100.0,296.0923
100.0,337.07883
103.0,348.98364
101.0,353.1959
149.0,351.74866
3027.0,388.97925
3000.0,2696.3276
1800.0,3311.7363
1835.0,2423.9707
1890.0,2144.4727
1900.0,2123.6182
1940.0,2144.0574
1940.0,2190.7322
1900.0,2206.4954
1950.0,2177.8318
1945.0,2208.4175
1946.0,2213.1924
1946.0,2213.9822
2005.9999999999998,2213.3386
2005.9999999999998,2260.6252
1900.0,2273.467
1946.0,2190.303
2005.9999999999998,2202.7498
1850.0,2257.0325
1997.9999999999998,2148.114
1997.9999999999998,2234.2732
1950.0,2261.73
1920.0,2228.8625
1971.9999999999998,2193.8352
1848.0,2226.253
1800.0,2137.8818
1790.0,2074.546
1741.0,2052.49
1720.0,2011.2809
1720.0,1985.6189
1741.0,1981.1589
1741.0,1998.7251
1780.0,2004.5029
1760.0,2036.8022
1730.0,2029.3043
1739.0,2001.7583
1691.0,2001.0459
1691.0,1963.6123
1604.0,1953.7656
1600.0,1883.3956
1642.0,1861.8724
1692.0,1892.7897
1744.0,1943.4515
1746.0,1998.496
1800.0,2012.9414
1833.0,2056.7637
1889.0,2093.3154
1749.0,2145.593
1640.0,2045.8014
1600.0,1928.1959
1590.0,1866.784
1600.0,1847.9998
1600.0,1855.8246
1600.0,1860.7064
1600.0,1862.6844
1550.0,1863.1539
1524.0,1823.2039
1500.0,1791.2836
1480.0,1764.9194
1480.0,1743.6597
1480.0,1739.6691
1480.0,1740.1897
1450.0,1741.1163
1450.0,1717.7015
1430.0,1711.2542
1430.0,1694.4963
1406.0,1690.5168
1480.0,1671.2352
1460.0,1725.4518
1459.0,1725.5264
1430.0,1722.8795
1450.0,1698.2532
1420.0,1707.1992
1445.0,1686.733
1460.0,1701.0433
1458.0,1717.8431
1450.0,1720.649
1450.0,1714.2324
1410.0,1712.0076
1404.0,1679.5844
1404.0,1665.9641
1405.0,1663.6089
1455.0,1664.8912
1499.0,1705.6589
1455.0,1752.181
1500.0,1728.296
1535.0,1754.9498
1500.0,1790.207
1540.0,1770.9598
1510.0,1795.6727
1500.0,1778.6663
1499.0,1765.0237
1470.0,1760.7993
1455.0,1737.2253
1500.0,1719.2056
1500.0,1751.2665
1471.0,1761.3405
1545.0,1740.1123
1450.0,1792.4532
1440.0,1731.7157
1449.0,1704.9716
1448.0,1706.4989
1450.0,1707.9648
1400.0,1710.6395
1449.0,1671.6915
1430.0,1699.909
1430.0,1694.1536
1430.0,1692.0051
1419.0,1691.4128
1419.0,1682.559
1420.0,1680.1674
1449.0,1680.6991
1365.0,1704.234
1407.0,1643.8495
1407.0,1659.6592
1450.0,1666.1764
1400.0,1702.4767
1401.0,1672.4562
1420.0,1663.3248
1407.0,1676.5465
1450.0,1670.48
1400.0,1702.8063
1399.0,1672.0222
1390.0,1661.4008
1379.0,1652.0476
1350.0,1641.4467
1379.0,1616.0874
1310.0,1632.8964
1350.0,1583.8682
1350.0,1601.9791
1270.0,1608.9452
1350.0,1547.106
1330.0,1593.4242
1330.0,1592.7621
1350.0,1591.6156
1250.0,1606.8666
1250.0,1531.2637
1250.0,1509.623
1250.0,1506.5209
1232.0,1507.739
1230.0,1494.6747
1250.0,1489.7397
1250.0,1504.932
1230.0,1509.5792
1230.0,1494.4484
1250.0,1489.8534
1220.0,1504.9982
1235.0,1485.6848
1220.0,1491.8137
1235.0,1482.1776
1235.0,1491.457
1250.0,1494.4325
1255.0,1506.9856
1255.0,1514.2329
1241.0,1515.6309
1205.0,1504.3146
1250.0,1472.2145
1249.0,1499.5557
1249.0,1507.8517
1249.0,1509.6165
1249.0,1509.5261
1250.0,1509.1843
1300.0,1509.7683
1330.0,1549.7611
1339.0,1584.7417
1340.0,1599.9404
1340.0,1602.8201
1329.0,1602.1495
1370.0,1592.5236
1360.0,1622.3485
1375.0,1622.9985
1360.0,1634.0513
1380.0,1624.6926
1380.0,1637.4039
1370.0,1641.0676
1395.0,1633.6443
1390.0,1651.1825
1351.0,1652.232
1350.0,1620.7681
1390.0,1610.9438
1350.0,1641.3088
1361.0,1618.7229
1380.0,1620.3136
1380.0,1636.4596
1400.0,1641.0817
1400.0,1657.6904
1400.0,1661.8468
1370.0,1662.1299
1370.0,1637.7764
1370.0,1630.828
1370.0,1629.8567
1370.0,1630.272
1370.0,1630.6985
1400.0,1630.9071
1370.0,1654.889
1370.0,1637.5948
1395.0,1631.7882
1350.0,1650.4272
1355.0,1620.0911
1353.0,1615.0518
1434.0,1613.0792
1360.0,1677.7432
1360.0,1636.9774
1400.0,1623.1001
1343.0,1651.8037
1385.0,1615.1682
1385.0,1637.6665
1399.0,1645.0918
1389.0,1657.8534
1380.0,1652.9128
1380.0,1643.6287
1380.0,1640.9708
1380.0,1640.6011
1380.0,1640.7668
1380.0,1640.9373
1380.0,1641.022
1360.0,1641.0471
1399.0,1625.1005
1380.0,1651.773
1380.0,1644.6755
1400.0,1641.8583
1400.0,1656.9761
1430.0,1661.2656
1430.0,1685.7915
1430.0,1692.1765
1430.0,1692.7632
1350.0,1692.1969
1380.0,1627.9531
1400.0,1633.9972
1400.0,1654.2911
1350.0,1660.7357
1400.0,1622.1101
1360.0,1650.7504
1360.0,1628.1766
1399.0,1621.2794
1400.0,1651.1415
1400.0,1660.7683
1380.0,1662.4065
1380.0,1646.0901
1380.0,1641.1775
1350.0,1640.3561
1350.0,1616.6499
1350.0,1610.2947
1380.0,1609.6055
1381.0,1634.0195
1380.0,1641.8704
1400.0,1642.324
1400.0,1657.683
1390.0,1661.6364
1390.0,1654.009
1390.0,1651.4489
1390.0,1650.8956
1370.0,1650.93
1369.0,1635.098
1369.0,1629.9535
1340.0,1629.201
1369.0,1606.3497
1369.0,1623.3516
1370.0,1629.0884
1260.0,1631.1652
1352.0,1543.6638
1399.0,1592.4984
1310.0,1647.0773
1310.0,1590.6312
1350.0,1572.4346
1300.0,1600.5924
1390.0,1569.838
1380.0,1632.4261
1356.0,1642.8167
1358.0,1624.347
1399.0,1619.495
1407.0,1651.0986
1450.0,1666.5731
1360.0,1703.99
1360.0,1641.4784
1400.0,1622.166
1440.0,1650.5417
1449.0,1691.8756
1449.0,1709.9541
1451.0,1712.9891
1450.0,1713.8608
1430.0,1712.5654
1430.0,1695.9557
1430.0,1691.3187
1400.0,1690.7311
1358.0,1667.1273
1399.0,1627.3086
1400.0,1650.0211
1305.0,1659.1824
1400.0,1585.835
1400.0,1640.7733
1399.0,1658.8462
1400.0,1661.8971
1400.0,1662.2938
1405.0,1661.7649
1410.0,1665.3513
1410.0,1670.276
1430.0,1671.4885
1400.0,1687.5219
1410.0,1667.8947
1400.0,1669.7117
1440.0,1662.7772
1410.0,1692.901
1500.0,1677.6715
1500.0,1744.1085
1535.0,1762.6843
1540.0,1793.0475
1400.0,1803.5917
1400.0,1692.8768
1380.0,1661.0385
1400.0,1640.4679
1400.0,1653.7668
1400.0,1659.5101
1400.0,1661.2992
1410.0,1661.5591
1410.0,1669.3857
1410.0,1671.4327
1410.0,1671.6245
1410.0,1671.4485
1410.0,1671.3135
1410.0,1671.2622
1450.0,1671.2614
1450.0,1703.1742
1450.0,1712.0225
1430.0,1713.1484
1450.0,1696.6104
1450.0,1707.5876
1450.0,1711.1833
1450.0,1711.9601
1450.0,1711.9414
1450.0,1711.8102
1455.0,1711.7235
1500.0,1715.675
1415.0,1752.6578
1395.0,1694.9406
1380.0,1661.398
1471.0,1641.9086
1500.0,1711.2039
1525.0,1755.1882
1480.0,1785.0466
1469.0,1754.6322
1469.0,1735.074
1469.0,1730.0226
1427.0,1729.6445
1480.0,1696.7026
1426.0,1730.1316
1490.0,1697.7969
1460.0,1739.0637
1451.0,1727.5575
1475.0,1715.8547
1495.0,1731.6859
1495.0,1752.4874
1500.0,1757.781
1481.0,1762.1832
1500.0,1747.6102
1500.0,1758.3063
1500.0,1761.726
1500.0,1762.4254
1515.0,1762.3816
1520.0,1774.2091
1500.0,1781.4266
1500.0,1766.9598
1480.0,1762.4514
1470.0,1745.6564
1500.0,1733.3921
1480.0,1754.7692
1500.0,1745.5791
1470.0,1758.418
1470.0,1738.179
1485.0,1732.0854
1450.0,1743.0087
1450.0,1718.6366
1450.0,1711.6396
1419.0,1710.6106
1415.0,1686.2571
1415.0,1676.6163
1400.0,1675.0667
1400.0,1663.5138
1400.0,1660.6957
1400.0,1660.5299
1390.0,1660.8326
1400.0,1653.074
1370.0,1658.9309
1380.0,1636.9634
1440.0,1638.7394
1430.0,1687.9502
1450.0,1693.8854
1420.0,1709.5303
1400.0,1688.9039
1400.0,1666.1913
1390.0,1660.3707
1390.0,1651.9508
1400.0,1650.3434
1375.0,1658.5052
1375.0,1641.132
1400.0,1636.075
1400.0,1655.2188
1400.0,1660.9723
1420.0,1661.9381
1375.0,1677.6538
1375.0,1645.8853
1353.0,1636.3413
1355.0,1617.1984
1339.0,1614.317
1300.0,1601.8944
1300.0,1567.9187
1300.0,1559.2166
1300.0,1558.4883
1300.0,1559.3032
1300.0,1559.9374
1300.0,1560.2131
1292.0,1560.282
1292.0,1553.9016
1250.0,1552.1191
1260.0,1518.4136
1251.0,1517.2214
1289.0,1511.2053
1252.0,1540.4723
1290.0,1519.5925
1281.0,1543.0474
1290.0,1542.8182
1290.0,1549.1268
1281.0,1550.5695
1300.0,1543.419
1300.0,1556.3873
1290.0,1560.2168
1280.0,1552.8679
1300.0,1542.5277
1300.0,1555.781
1301.0,1559.9672
1300.0,1561.5765
1360.0,1560.905
1350.0,1608.3575
1320.0,1613.491
1350.0,1588.9977
1350.0,1605.1176
1355.0,1610.2267
1280.0,1615.2427
1279.0,1556.4841
1280.0,1539.0474
1280.0,1537.3273
1280.0,1538.5138
1300.0,1539.5559
1300.0,1555.9832
1300.0,1560.5372
1299.0,1561.0895
1300.0,1559.9607
1300.0,1560.2355
1282.0,1560.2904
1282.0,1545.9502
1282.0,1541.9791
1210.0,1541.4856
1160.0,1484.3699
1182.0,1428.8551
1180.0,1433.4249
1215.0,1436.3921
1250.0,1466.2058
1220.0,1502.6355
1200.0,1487.6322
1205.0,1465.4961
1242.0,1463.153
1260.0,1492.8801
1262.0,1515.9661
1280.0,1522.9303
1280.0,1537.832
1290.0,1541.1307
1280.0,1549.0803
1280.0,1542.8295
1286.0,1540.5952
1286.0,1544.8383
1286.0,1546.1552
1286.0,1546.4038
1325.0,1546.3674
1350.0,1577.3918
1372.0,1605.9036
1337.0,1630.0402
1215.0,1607.106
1215.0,1501.8159
1343.0,1472.925
1347.0,1571.5098
1350.0,1605.1008
1355.0,1613.8672
1316.0,1617.6259
1350.0,1586.1218
1300.0,1603.7858
1210.0,1569.8995
1100.0,1488.4983
1166.0,1379.5771
1060.0,1405.8557
1083.0,1334.804
1176.0,1334.6782
1258.0,1412.1299
1200.0,1500.2644
1220.0,1475.6771
1159.0,1479.9238
1220.0,1431.5726
1285.0,1466.3026
1350.0,1529.6758
1500.0,1598.4541
1400.0,1734.2638
1555.0,1688.1011
1600.0,1791.6934
1638.0,1855.3663
1646.0,1898.7379
1662.0,1912.7344
1652.0,1925.9011
1650.0,1919.6885
1690.0,1915.167
1637.0,1945.6746
1620.0,1911.9698
1700.0,1887.8864
1700.0,1945.9689
1700.0,1963.3776
1700.0,1966.286
1700.0,1965.5643
1701.0,1964.6218
1656.0,1964.9059
1700.0,1929.034
1653.0,1954.2192
1690.0,1925.1664
1690.0,1946.2119
1680.0,1953.0374
1648.0,1946.4568
1650.0,1918.6072
1649.0,1912.5734
1700.0,1911.2993
1700.0,1952.3761
1698.0,1964.064
1650.0,1964.1022
1600.0,1924.6681
1572.0,1873.429
1550.0,1838.413
1550.0,1813.9337
1540.0,1809.7233
1560.0,1802.5886
1560.0,1817.4875
1560.0,1822.212
1525.0,1823.0912
1530.0,1795.0199
1530.0,1791.0396
1530.0,1791.0414
1530.0,1791.6664
1525.0,1792.0901
1530.0,1788.2885
1520.0,1791.2268
1510.0,1784.2216
1550.0,1774.2463
1521.0,1803.6633
1520.0,1789.1956
1500.0,1783.3787
1530.0,1766.0072
1501.0,1785.4536
1510.0,1768.5654
1490.0,1770.604
1470.0,1755.7228
1500.0,1735.766
1503.0,1754.8297
1460.0,1763.5933
1460.0,1731.3553
1410.0,1721.8998
1439.0,1680.5305
1380.0,1693.0482
1400.0,1651.5271
1350.0,1656.2618
1380.0,1619.5211
1358.0,1633.7644
1400.0,1621.8735
1400.0,1652.1305
1397.0,1661.0095
1439.0,1659.9935
1450.0,1692.3926
1448.0,1709.8684
1449.0,1711.676
1450.0,1711.6927
1430.0,1711.9359
1430.0,1695.8654
1450.0,1691.356
1450.0,1706.7234
1450.0,1711.4386
1470.0,1712.2795
1450.0,1728.066
1450.0,1716.2832
1480.0,1712.2832
1493.0,1735.3021
1450.0,1752.3003
1500.0,1721.8589
1500.0,1752.2574
1455.0,1761.5286
1500.0,1727.2949
1493.0,1752.9615
1450.0,1755.6185
1440.0,1721.4565
1440.0,1703.6659
1450.0,1700.0199
1430.0,1708.2441
1430.0,1695.2153
1400.0,1691.4957
1361.0,1667.0165
1352.0,1629.4692
1394.0,1613.0327
1352.0,1643.9845
1350.0,1620.5511
1330.0,1611.7317
1330.0,1593.9895
1330.0,1589.6841
1340.0,1589.4708
1340.0,1597.9493
1314.0,1600.5234
1310.0,1580.2305
1340.0,1571.1893
1331.0,1593.3608
1300.0,1593.0219
1300.0,1567.5657
1300.0,1560.2504
1315.0,1559.1859
1300.0,1571.548
1300.0,1563.3376
1290.0,1560.6602
1290.0,1552.1173
1260.0,1549.9259
1271.0,1525.8323
1300.0,1528.18
1300.0,1553.057
1300.0,1560.296
1300.0,1561.3846
1301.0,1561.0028
1300.0,1561.3772
1330.0,1560.5875
1307.0,1584.248
1303.0,1572.4998
1300.0,1565.0829
1300.0,1560.7402
1260.0,1559.8973
1380.0,1528.1112
1380.0,1615.1328
1380.0,1640.6486
1380.0,1644.6317
1380.0,1643.4154
1380.0,1641.9989
1385.0,1641.2726
1376.0,1645.0284
1385.0,1638.9434
1384.0,1644.3076
1380.0,1645.2017
1380.0,1642.1144
1380.0,1641.157
1380.0,1640.9717
1370.0,1640.9894
1380.0,1633.0519
1380.0,1638.8335
1400.0,1640.7659
1390.0,1657.139
1390.0,1653.5713
1389.0,1651.8446
1390.0,1650.4226
1400.0,1650.8491
1390.0,1659.0184
1380.0,1653.3273
1390.0,1643.4434
1410.0,1648.7816
1400.0,1666.6672
1380.0,1663.6069
1380.0,1646.0446
1380.0,1640.9932
1380.0,1640.2583
1410.0,1640.5405
1370.0,1664.7637
1360.0,1639.6465
1370.0,1623.7194
1355.0,1627.9242
1352.0,1618.0598
1330.0,1613.1323
1340.0,1594.7075
1320.0,1597.9587
1340.0,1583.8271
1350.0,1596.0737
1350.0,1608.1042
1350.0,1611.1803
1350.0,1611.416
1350.0,1611.1012
1350.0,1610.861
1350.0,1610.7584
1350.0,1610.7399
1350.0,1610.7491
1349.0,1610.7632
1292.0,1609.9744
1310.0,1564.3146
1310.0,1566.0365
1350.0,1568.4346
1280.0,1601.6866
1250.0,1555.2549
1231.0,1517.1134
1250.0,1492.7701
1250.0,1503.3125
1260.0,1508.1152
1245.0,1517.702
1245.0,1508.2744
1270.0,1505.1779
1280.0,1524.4363
1250.0,1537.9624
1244.0,1517.0883
1245.0,1505.6687
1240.0,1503.8442
1244.0,1500.0679
1250.0,1502.5796
1250.0,1508.3611
1215.0,1509.9703
1200.0,1482.2708
1200.0,1462.4554
1290.0,1458.0448
1255.0,1529.8275
1255.0,1522.5281
1280.0,1517.7551
1299.0,1535.5438
1300.0,1555.511
1320.0,1561.0903
1350.0,1577.4673
1253.0,1605.2666
1300.0,1534.7206
1300.0,1551.1143
1300.0,1558.0264
1300.0,1560.2299
1185.0,1560.6602
1224.0,1468.9261
1290.0,1474.4506
1250.0,1532.3793
1185.0,1517.8473
1170.0,1460.0602
1160.0,1431.8473
1150.0,1418.362
1120.0,1408.765
1150.0,1383.592
1190.0,1401.4302
1085.0,1439.646
1106.0,1366.3601
1140.0,1361.0238
1131.0,1389.0
1185.0,1390.7872
1155.0,1433.6233
1195.0,1421.237
1195.0,1447.7325
1160.0,1454.8356
1152.0,1427.7366
1140.0,1413.0974
1135.0,1400.3368
1153.0,1393.7916
1120.0,1407.2526
1120.0,1385.326
1120.0,1378.902
1140.0,1377.8776
1112.0,1394.0896
1139.0,1376.5355
1145.0,1392.5856
1100.0,1402.314
1150.0,1368.6829
1139.0,1398.5887
1130.0,1399.303
1112.0,1391.562
1080.0,1374.7288
1112.0,1344.7456
1146.0,1362.7029
1147.0,1396.3564
1153.0,1406.3744
1120.0,1412.453
1120.0,1386.8143
1130.0,1379.0352
1120.0,1385.6753
1148.0,1380.2338
1130.0,1401.0361
1140.0,1392.6908
1116.0,1397.5503
1100.0,1379.8007
1051.0,1361.9299
1040.0,1318.5984
1025.0,1298.8138
1019.0,1283.5815
1000.0000000000001,1276.2671
1000.0000000000001,1260.3782
1000.0000000000001,1256.7358
998.9999999999999,1256.6576
1000.0000000000001,1256.3326
1000.0000000000001,1257.2183
1000.0000000000001,1257.5359
1020.0,1257.6104
1020.0,1273.5458
1020.0,1277.9733
1000.0000000000001,1278.5432
1030.0,1262.3284
1030.0,1281.5289
1030.0,1287.4883
1020.0,1288.6012
1037.0,1280.4775
1016.0,1291.5311
985.0,1278.1296
1020.0,1249.3562
1050.0,1269.6577
1030.0,1300.5778
1038.0,1292.9374
1034.0,1295.7545
983.0,1293.0836
969.0,1251.5001
949.0,1228.8267
950.0,1208.3585
950.0,1205.1232
900.0,1205.7305
900.0,1166.7816
900.0,1156.1592
899.0,1154.887
879.0,1154.8376
880.0,1139.367
880.0,1136.0216
880.0,1135.787
881.0,1136.1334
860.0,1137.1942
881.0,1120.8145
865.0,1132.9502
860.0,1124.2649
870.0,1117.6332
880.0,1124.019
881.0,1134.1451
890.0,1137.6487
900.0,1145.3179
900.0,1155.0798
900.0,1157.3457
900.0,1157.3969
880.0,1157.097
905.0,1140.9716
882.0,1156.3696
884.0,1143.0166
884.0,1140.5199
980.0,1140.2284
985.0,1216.8688
996.0000000000001,1242.2886
998.9999999999999,1254.9478
1000.0000000000001,1258.5175
980.0,1258.8695
980.0,1242.364
989.0,1237.5417
970.0,1244.0032
998.0,1231.141
970.0,1249.7837
989.9999999999999,1233.1544
998.9999999999999,1243.8606
1000.0000000000001,1254.4496
1000.0000000000001,1257.9111
1000.0000000000001,1258.3145
1000.0000000000001,1258.0546
998.9999999999999,1257.8228
1000.0000000000001,1256.9165
980.0,1257.4613
955.0,1241.7233
955.0,1217.4303
984.0,1211.3275
950.0,1234.0094
1000.0000000000001,1213.9948
998.9999999999999,1247.5876
1030.0,1256.6809
998.9999999999999,1282.7098
953.0,1264.3883
953.0,1221.2291
953.0,1209.4426
947.0,1208.0885
976.0,1204.2152
978.0000000000001,1226.7946
901.0,1235.0244
900.0,1175.1549
994.0,1157.0029
950.0,1229.0474
994.9999999999999,1215.7084
1000.0000000000001,1245.4783
1000.0000000000001,1257.3263
1000.0000000000001,1259.2085
1000.0000000000001,1258.6888
1025.0,1258.0789
1000.0000000000001,1277.691
978.0000000000001,1263.227
950.0,1240.873
950.0,1212.6406
960.0,1205.846
906.0,1213.5264
880.0,1173.5698
880.0,1141.7584
834.0,1134.5493
880.0,1097.883
860.0,1125.3667
840.0,1119.0199
840.0,1100.9098
820.0,1095.9302
825.0,1079.3846
810.0,1079.271
810.0,1068.1941
835.0,1065.4691
839.0,1085.2155
829.0,1094.2473
810.0,1088.1035
800.0,1070.6006
800.0,1057.7599
810.0,1054.9315
805.0,1062.9565
800.0,1061.6704
800.0,1057.1685
810.0,1055.888
805.0,1063.6653
790.0,1061.9722
810.0,1049.2794
815.0,1061.6257
816.0,1069.5641
810.0,1072.2657
819.0,1067.7834
819.0,1073.4056
845.0,1075.0466
864.0,1096.0103
840.0,1116.8359
840.0,1102.5927
817.0,1097.3829
803.0,1077.7325
780.0,1061.3956
711.0,1039.485
725.0,979.5213
739.0,975.28394
780.0,988.2718
810.0,1025.888
828.0,1060.2026
828.0,1082.445
827.0,1086.5128
827.0,1085.0748
828.0,1083.8344
825.0,1084.0616
810.0,1081.7455
803.0,1069.1785
803.0,1060.2241
780.0,1058.3047
785.0,1040.0605
720.0,1039.2661
752.0,988.1731
775.0,999.76965
776.0,1023.583
800.0,1031.4208
815.0,1051.8442
819.0,1068.7743
819.0,1075.5328
830.0,1076.262
830.0,1084.503
839.0,1086.5128
843.0,1093.8077
844.0,1098.7883
844.0,1100.5847
821.0,1100.7301
844.0,1082.2456
844.0,1095.3257
844.0,1099.7122
820.0,1100.6835
845.0,1081.5518
845.0,1095.9646
849.0,1100.7124
825.0,1104.9125
823.0,1086.6422
800.0,1079.652
799.0,1060.0359
800.0,1054.3318
800.0,1054.5823
800.0,1055.2975
795.0,1055.7278
772.0,1051.9084
750.0,1032.518
750.0,1009.74664
722.0,1004.27246
735.0,981.762
714.0,986.57874
709.0,972.4277
709.0,964.7696
730.0,963.3093
810.0,980.1928
803.0,1048.8668
803.0,1061.825
803.0,1062.3037
780.0,1060.6469
758.0,1041.1799
781.0,1018.0874
815.0,1030.7615
827.0,1062.6753
852.0,1081.116
852.0,1104.797
775.0,1110.0533
715.0,1048.6833
705.0,983.0137
700.0,959.02905
714.0,952.05457
698.0,963.7302
717.0,955.47894
718.0,968.2322
721.0,972.8412
700.0,976.05133
719.0,959.8402
699.0,970.15717
699.0,957.69635
656.0,954.0382
699.0,919.25134
700.0,944.11523
700.0,953.4422
670.0,955.63446
730.0,931.79315
720.0,972.5683
735.0,976.8485
716.0,988.6285
651.0,976.0662
651.0,920.05786
631.0,904.6737
610.0,886.9306
610.0,866.9114
610.0,862.70465
600.0,862.8835
600.0,855.6501
600.0,853.8545
610.0,853.71484
605.0,861.8395
605.0,860.2088
605.0,859.4451
618.0,859.17786
600.0,869.4687
600.0,858.04535
600.0,854.44403
600.0,853.7586
600.0,853.85175
600.0,854.024
600.0,854.12555
600.0,854.1609
600.0,854.1674
600.0,854.1656
600.0,854.1609
595.0,854.16
595.0,850.18054
590.0,849.07135
590.0,844.9504
582.0,843.91473
582.0,837.4767
582.0,835.8078
600.0,835.66064
600.0,850.13586
600.0,854.254
630.0,854.8212
630.0,878.4446
630.0,884.85376
600.0,885.58673
601.0,861.236
640.0,854.9488
615.0,885.1574
640.0,874.34033
640.0,890.205
660.0,894.66876
660.0,911.176
700.0,915.3362
662.0,947.467
610.0,925.6736
601.0,876.67694
613.0,856.1595
595.0,862.1878
580.0,851.30554
567.0,836.7605
551.0,822.94653
550.0,807.1712
525.0,802.84906
519.0,782.74414
519.0,772.9152
550.0,771.2184
550.0,796.22473
599.0,803.5885
550.0,843.72107
550.0,815.25024
550.0,805.3487
550.0,803.0167
550.0,802.9897
543.0,803.3538
453.0,798.0408
526.0,725.0017
503.0,762.9
503.0,758.34686
503.0,756.7376
518.0,756.3092
503.99999999999994,768.1721
490.0,760.3734
490.0,746.5669
490.0,742.8426
471.0,742.44214
471.0,727.63727
485.0,723.6839
485.0,734.405
565.0,737.83594
565.0,802.1562
565.0,819.8527
565.0,821.9808
565.0,820.7114
582.0,819.55286
600.0,832.53796
600.0,850.4888
631.0,854.97766
631.0,879.9477
650.0,886.3494
650.0,901.99066
700.0,905.5901
100.0,945.44415
100.0,478.8879
100.0,346.57996
100.0,328.387
7100.0,336.42505
7100.0,5963.636
7100.0,7494.999
7100.0,7667.9585
7110.0,7558.478
7125.0,7472.372
7150.0,7444.9507
7250.0,7458.4927
7250.0,7546.433
7200.0,7571.067
7000.0,7534.0337
7200.0,7359.7847
7285.0,7475.772
7284.0,7581.4956
7100.0,7605.9463
7200.0,7457.7524
7200.0,7496.3
7200.0,7510.8457
7289.0,7514.9062
7150.0,7587.461
7200.0,7493.502
7000.0,7506.223
7000.0,7350.2075
7150.0,7309.804
7030.0,7427.0337
7050.0,7364.8945
7000.0,7361.6235
7000.0,7321.3804
6970.0,7311.339
6980.0,7286.236
7000.0,7288.844
6850.0,7307.135
6900.0,7191.0415
6951.0,7200.3657
6950.0,7248.471
6950.0,7261.7085
6900.0,7263.755
6999.0,7222.677
7000.0,7291.408
7000.0,7311.7354
7150.0,7314.9355
7190.0,7435.4834
7190.0,7498.7363
7200.0,7510.2363
7180.0,7516.8086
7199.0,7500.167
7200.0,7510.188
7200.0,7514.007
7200.0,7514.831
7150.0,7514.842
6950.0,7474.256
7000.0,7301.7266
7000.0,7298.468
6950.0,7305.1577
6900.0,7269.592
6900.0,7220.6333
6750.0,7209.3716
6700.0,7087.623
6800.0,7016.557
6700.0,7084.0747
6700.0,7025.971
6750.0,7009.847
6800.0,7047.889
6940.0,7099.685
7000.0,7225.526
6850.0,7304.639
6970.0,7198.038
7200.0,7261.5337
7160.0,7466.559
7250.0,7486.533
7245.0,7555.889
7119.0,7565.7573
7240.0,7462.033
7220.0,7530.8096
7200.0,7536.177
7220.0,7520.163
7200.0,7531.421
7120.0,7518.508
7220.0,7450.039
7111.0,7513.3804
7190.0,7444.6387
7190.0,7489.1436
7190.0,7502.939
7190.0,7505.6074
7190.0,7505.328
7200.0,7504.7437
7150.0,7512.507
7400.0,7474.0454
6932.0,7666.067
6830.0,7339.017
6935.0,7163.6436
6930.0,7212.6904
7090.0,7232.813
7020.0,7370.0195
7032.0,7349.3276
7080.0,7347.855
7100.0,7384.721
7009.0,7410.0664
7100.0,7341.489
7100.0,7395.5327
7100.0,7411.9087
7000.0,7414.9927
7080.0,7333.745
7000.0,7376.5747
7100.0,7326.146
7000.0,7393.354
7000.0,7331.876
7000.0,7313.734
6980.0,7310.585
7130.0,7294.963
7000.0,7412.902
6752.0,7339.532
6331.0,7115.2812
6330.0,6717.266
6330.0,6620.9727
6330.0,6615.391
6300.0,6625.6445
6300.0,6608.6455
6201.0,6605.0967
6398.0,6524.9614
6200.0,6663.1436
6100.0,6543.0757
6000.0,6426.3516
5750.0,6317.858
5670.0,6093.4746
5670.0,5976.22
5500.0,5956.7856
5500.0,5823.898
5400.0,5792.7725
5400.0,5710.6943
5360.0,5692.5806
5300.0,5660.1646
5155.0,5605.637
5150.0,5476.4873
5150.0,5440.9683
5150.0,5437.888
5050.0,5441.046
5150.0,5363.009
5150.0,5423.064
5000.0,5442.4106
5150.0,5325.681
5150.0,5413.9194
5050.0,5441.773
5150.0,5366.8706
5150.0,5425.45
5150.0,5443.4214
5000.0,5446.82
5000.0,5325.678
5000.0,5292.6226
5000.0,5288.478
4950.0,5290.6377
5000.0,5252.4053
5000.0,5282.8037
5000.0,5292.585
5000.0,5294.5806
5000.0,5294.4233
5000.0,5294.012
5000.0,5293.7764
5149.0,5293.702
5150.0,5413.6665
5150.0,5446.604
5000.0,5450.5566
5000.0,5327.5693
5000.0,5293.253
5100.0,5288.6016
5100.0,5371.1597
5150.0,5394.7476
5040.0,5438.4717
5051.0,5359.42
5051.0,5344.4595
4850.0,5342.639
4850.0,5181.9443
5200.0,5139.598
5200.0,5416.793
5200.0,5495.4497
5200.0,5506.862
5200.0,5502.702
5200.0,5498.2876
5200.0,5496.126
5200.0,5495.5024
5200.0,5495.516
5200.0,5495.67
5150.0,5495.783
5139.0,5455.564
4990.0,5435.9375
4950.0,5312.349
4900.0,5248.5073
4900.0,5196.733
4900.0,5187.6426
4500.0,5189.1245
4500.0,4869.6235
4500.0,4784.3394
4500.0,4774.535
4550.0,4780.6055
4601.0,4826.137
5000.0,4880.3804
5090.0,5214.332
5140.0,5373.426
5000.0,5441.4795
5000.0,5334.6387
5000.0,5298.6216
5000.0,5290.734
5050.0,5291.1465
4750.0,5333.005
4750.0,5103.4116
4750.0,5040.3506
4750.0,5032.0967
4678.0,5035.8994
4600.0,4981.61
4530.0,4904.9946
4495.0,4830.4556
4302.0,4786.241
4350.0,4623.808
4250.0,4622.1787
4200.0,4549.357
4250.0,4492.72
4150.0,4521.6953
4000.0000000000005,4453.0166
4020.0000000000005,4314.277
3950.0,4295.6577
3850.0,4241.196
3812.0,4149.65
3550.0,4097.8975
3435.0,3878.7883
3399.0,3731.235
3399.0,3672.82
3300.0,3667.1262
3300.0,3592.5393
3150.0,3574.7737
3293.0,3453.6255
3385.0,3537.355
3379.0,3639.663
3333.0,3661.5059
3400.0,3625.8184
3300.0,3666.9922
3393.0,3598.4697
3296.0,3652.9658
3200.0,3592.395
3170.0,3497.7607
3170.0,3449.9722
3200.0,3441.6677
3303.0,3467.285
3405.0,3558.6064
3096.0,3664.7896
2810.0,3442.0615
2850.0,3146.4224
2850.0,3104.5332
2800.0,3108.1365
2800.0,3076.8784
2824.0,3071.093
2824.0,3090.8608
2824.0,3097.174
2800.0,3098.3328
2824.0,3078.8992
2899.0,3092.5334
2800.0,3157.0288
2790.0,3095.1868
3100.0,3067.556
3100.0,3309.695
3050.0,3377.6184
3000.0,3346.8445
3000.0,3291.8857
2750.0,3275.6458
2650.0,3073.034
2650.0,2939.2285
2650.0,2911.6396
2650.0,2913.2126
2700.0,2918.3013
2700.0,2961.2732
2700.0,2973.246
2800.0,2974.6904
2800.0,3053.8184
2750.0,3074.9011
2800.0,3037.204
2750.0,3064.708
2750.0,3032.9778
2750.0,3023.5566
2850.0,3022.0425
2750.0,3102.505
2854.0,3044.8743
2800.0,3109.1638
2600.0,3084.6045
2700.0,2915.6685
2750.0,2949.5752
2700.0,3005.9412
2830.0,2982.807
2900.0,3078.683
2950.0,3161.079
2950.0,3219.6885
2941.0,3230.7104
2940.0,3222.1443
3000.0,3216.9077
3000.0,3263.1606
3090.0,3275.969
3090.0,3349.7625
3090.0,3368.6687
3090.0,3370.305
3000.0,3368.5793
3110.0,3295.1416
3110.0,3362.971
3100.0,3384.4495
3000.0,3380.7058
2900.0,3298.0378
3000.0,3194.931
2781.0,3250.061
2701.0,3095.3665
2700.0,2989.0
2610.0,2965.3552
2610.0,2893.713
2690.0,2877.6975
2716.0,2941.567
2799.0,2982.0886
2791.0,3057.7327
2880.0,3069.51
2888.0,3139.825
2889.0,3163.3599
2813.0,3166.9556
2900.0,3104.7876
2877.0,3156.472
2896.0,3154.4705
2899.0,3167.981
2899.0,3173.6936
2900.0,3174.539
2919.0,3175.042
2920.0,3190.1458
2889.0,3194.956
2750.0,3170.7852
2800.0,3052.4644
2601.0,3060.9465
2700.0,2909.2695
2649.0,2948.6904
2650.0,2925.5803
2599.0,2921.1052
2600.0,2880.332
2580.0,2870.5498
2560.0,2853.7314
2580.0,2834.2495
2580.0,2846.0266
2500.0,2850.4895
2580.0,2787.7217
2599.0,2834.2942
2690.0,2864.7737
2678.0,2945.0146
2600.0,2955.746
2522.0,2892.304
2580.0,2810.533
2600.0,2836.4045
2600.0,2863.7168
2650.0,2871.847
2600.0,2913.153
2559.0,2883.707
2488.0,2840.8105
2530.0,2772.6802
2530.0,2789.5564
2550.0,2797.8162
2500.0,2816.8174
2499.0,2781.9346
2400.0,2770.6882
2390.0,2689.5085
2400.0,2660.1355
2400.0,2663.787
2400.0,2667.4863
2400.0,2669.3796
2400.0,2670.0325
2400.0,2670.133
2400.0,2670.0798
2400.0,2670.026
2350.0,2670.0044
2420.0,2630.0386
2420.0,2675.0483
2420.0,2689.0784
2420.0,2691.741
2450.0,2691.4011
2260.0,2714.756
2380.0,2569.0989
2395.0,2624.003
2400.0,2656.7231
2450.0,2669.7092
2400.0,2711.845
2400.0,2682.2761
2400.0,2671.9424
2400.0,2669.4587
2400.0,2669.3906
2400.0,2669.7493
2400.0,2670.0063
2425.0,2670.1208
2400.0,2690.1392
2300.0,2675.6333
2300.0,2590.8748
2266.0,2567.8633
2200.0,2537.9944
2399.0,2479.4568
2200.0,2624.5906
2248.0,2508.6409
2200.0,2510.3489
2250.0,2475.277
2200.0,2506.6562
2200.0,2477.2122
2150.0,2468.554
2060.0,2427.1902
2000.0000000000002,2344.6519
2000.0000000000002,2276.016
2000.0000000000002,2261.3333
2000.0000000000002,2261.8035
2000.0000000000002,2264.287
2014.9999999999998,2265.7979
2014.9999999999998,2278.335
2075.0,2281.7295
2089.0,2330.026
2021.0,2354.1484
2000.0000000000002,2304.3406
2000.0000000000002,2272.0244
2000.0000000000002,2264.508
2014.9999999999998,2264.3926
1957.0,2277.4604
1900.0,2235.1758
1950.0,2177.6094
1950.0,2203.234
1900.0,2213.3105
1854.0,2176.2832
1800.0,2128.9302
1800.0,2074.0962
1800.0,2061.4622
1800.0,2061.2424
1830.0,2062.984
1800.0,2088.0833
1885.0,2071.1997
1959.0,2133.3726
1782.0,2209.8955
1620.0,2087.2173
1550.0,1919.9482
1608.0,1821.3832
1630.0,1848.837
1715.0,1881.4995
1805.0,1960.1273
1900.0,2052.8699
2000.0000000000002,2150.583
2000.0000000000002,2251.9792
1950.0,2273.7195
2150.0,2233.1846
2132.0,2378.3845
2298.0,2404.504
2250.0,2538.678
2299.0,2533.9265
2200.0,2564.9854
2200.0,2491.9595
2200.0,2469.7358
2200.0,2465.8877
2200.0,2466.7175
2200.0,2467.8528
2221.0,2468.4358
2240.0,2485.3733
2290.0,2505.1335
2291.0,2549.7588
2400.0,2561.6729
2400.0,2649.77
2400.0,2672.558
2450.0,2674.6377
2320.0,2712.6143
2390.0,2618.066
2570.0,2646.1594
2500.0,2801.03
2449.0,2787.6948
2449.0,2736.8914
2449.0,2720.9233
2308.0,2717.88
2250.0,2605.589
2400.0,2529.0596
2400.0,2632.8325
2390.0,2666.446
2360.0,2665.3396
2365.0,2638.5972
2389.0,2634.2583
2300.0,2652.9785
2300.0,2587.484
2300.0,2568.9453
2300.0,2566.3535
2250.0,2567.4226
2251.0,2528.554
2300.0,2518.9058
2300.0,2557.0889
2350.0,2568.6287
2296.0,2610.5754
2150.0,2577.9482
2150.0,2450.1821
2150.0,2415.578
2150.0,2411.6133
2150.0,2414.2136
2189.0,2416.5203
2310.0,2448.7563
2250.0,2554.3267
2355.0,2534.005
2250.0,2607.395
2200.0,2542.5066
2200.0,2481.308
2230.0,2465.8894
2180.0,2488.8135
2180.0,2457.1184
2200.0,2448.2078
2200.0,2462.9187
2200.0,2467.7651
2200.0,2468.7756
2111.0,2468.69
2250.0,2397.356
2250.0,2488.7278
2250.0,2516.799
2250.0,2521.91
2250.0,2521.081
2250.0,2519.7512
2271.0,2519.0203
2341.0,2535.5564
2300.0,2596.0964
2279.0,2579.3013
2270.0,2555.134
2299.0,2540.8936
2250.0,2561.032
2250.0,2528.3743
2290.0,2518.9558
2100.0,2549.495
2100.0,2406.9102
2100.0,2366.747
2070.0,2361.2078
2100.0,2339.5857
2100.0,2359.3171
2100.0,2366.2385
2150.0,2367.8394
2150.0,2407.7605
2200.0,2418.4695
2150.0,2459.608
2090.0,2429.8408
2090.0,2371.5981
2090.0,2356.0034
2067.0,2354.359
2130.0,2337.2751
2200.0,2383.6492
2200.0,2453.3123
2210.0,2470.8962
2207.0,2480.1636
2289.0,2478.1565
2290.0,2541.9385
2280.0,2559.9424
2250.0,2554.1748
2250.0,2526.8152
2275.0,2518.8582
2300.0,2537.6602
2280.0,2563.5735
2262.0,2554.2327
2298.0,2535.9902
2251.0,2559.6052
2299.0,2529.233
2300.0,2558.5566
2298.0,2568.3904
2300.0,2568.667
2300.0,2569.5908
2330.0,2569.532
2350.0,2593.3435
2350.0,2615.8242
2320.0,2621.0002
2301.0,2597.1135
2300.0,2574.6318
2350.0,2568.3762
2300.0,2607.8728
2370.0,2579.5156
2371.0,2626.333
2300.0,2640.5986
2302.0,2586.0608
2350.0,2571.4048
2349.0,2607.5132
2300.0,2617.9783
2300.0,2580.7244
2286.0,2569.6504
2286.0,2556.616
2220.0,2553.9832
2220.0,2501.429
2200.0,2487.4397
2215.0,2469.953
2235.0,2478.627
2235.0,2498.284
2200.0,2503.8008
2250.0,2476.5398
2220.0,2508.4258
2143.0,2494.1238
2209.0,2427.7239
2145.0,2462.4204
2100.0,2423.6848
2100.0,2376.7957
2100.0,2365.3594
2163.0,2364.725
2100.0,2416.3416
2100.0,2380.7761
2100.0,2369.026
2100.0,2366.45
2117.0,2366.504
2300.0,2380.5237
2231.0,2530.791
2300.0,2516.449
2301.0,2561.2053
2328.0,2572.3223
2400.0,2594.3904
2400.0,2656.6152
2351.0,2672.3076
2450.0,2634.3682
2400.0,2701.2654
2451.0,2680.5393
2451.0,2713.2625
2500.0,2722.1648
2473.0,2762.4192
2300.0,2750.9595
2365.0,2607.491
2299.0,2619.7458
2330.0,2576.1982
2300.0,2590.8682
2266.0,2573.4036
2290.0,2541.7336
2300.0,2552.9763
2300.0,2565.6243
2366.0,2569.2275
2369.0,2622.4727
2300.0,2639.1282
2300.0,2586.1958
2300.0,2570.0435
2300.0,2567.1963
2330.0,2567.7747
2260.0,2592.5947
2300.0,2543.6968
2399.0,2561.2732
2360.0,2646.8691
2380.0,2639.1196
2401.0,2649.3865
2400.0,2667.8643
2400.0,2671.2961
2400.0,2671.1833
2450.0,2670.6274
2449.0,2710.2803
2448.0,2720.3394
2370.0,2720.6587
2400.0,2657.3118
2350.0,2663.4817
2390.0,2627.6797
2201.0,2650.5813
2360.0,2507.5708
2400.0,2595.0813
2399.0,2656.8843
2400.0,2671.7107
2399.0,2673.401
2400.0,2671.1333
2400.0,2670.4897
2401.0,2670.1348
2450.0,2670.8425
2410.0,2710.2654
2425.0,2689.1091
2425.0,2693.6697
2425.0,2695.1458
2400.0,2695.468
2352.0,2675.4824
2400.0,2631.5798
2400.0,2658.7097
2445.0,2668.302
2410.0,2706.6362
2450.0,2688.6267
2450.0,2713.8352
2450.0,2720.7612
2450.0,2721.645
2500.0,2721.213
2500.0,2760.796
2500.0,2771.5813
2482.0,2772.887
2400.0,2757.7498
2510.0,2687.5586
2650.0,2756.7234
2650.0,2890.7998
2400.0,2925.9294
2590.0,2729.3787
2590.0,2823.466
2550.0,2855.8845
2500.0,2831.6382
2500.0,2783.1975
2468.0,2770.1714
2470.0,2743.1235
2400.0,2738.6943
2400.0,2683.16
2360.0,2668.7239
2350.0,2635.3582
2369.0,2619.7935
2300.0,2632.6797
2250.0,2582.4446
2300.0,2528.6582
2300.0,2555.8708
2360.0,2566.375
2361.0,2617.2844
2420.0,2631.608
2420.0,2680.3875
2360.0,2692.2515
2366.0,2644.943
2367.0,2635.2754
2267.0,2634.8572
2201.0,2555.8513
2265.0,2481.8604
2201.0,2516.1108
2201.0,2478.8113
2201.0,2468.852
2200.0,2467.684
2160.0,2467.5361
2100.0,2435.922
2100.0,2379.4172
2111.0,2365.215
2059.0,2372.9766
2000.0000000000002,2335.311
2000.0000000000002,2278.1533
2000.0000000000002,2264.0684
2045.0000000000002,2263.2004
2010.0000000000002,2300.6694
2050.0,2283.7327
2050.0,2309.691
2000.0000000000002,2316.9812
2000.0000000000002,2278.0388
2049.0,2266.6165
2000.0000000000002,2303.9746
2000.0000000000002,2276.1826
2050.0,2267.4043
2050.0,2305.6128
2081.0,2316.7827
2136.0,2343.2903
2198.0,2393.523
2136.0,2455.3909
2200.0,2420.2083
2199.0,2458.0657
2200.0,2467.7512
2230.0,2469.746
2051.0,2493.3293
2010.0000000000002,2356.377
2050.0,2284.8262
2050.0,2302.3206
2003.0,2312.2278
2050.0,2278.673
2050.0,2306.9456
2050.0,2316.021
2050.0,2317.809
2050.0,2317.6042
2050.0,2317.1897
2050.0,2316.957
2050.0,2316.8862
2050.0,2316.8945
2050.0,2316.9253
2110.0,2316.9531
2050.0,2364.904
2010.0000000000002,2330.1804
2010.0000000000002,2286.6821
2000.0000000000002,2275.349
2000.0000000000002,2266.3286
2000.0000000000002,2265.1626
2000.0000000000002,2265.724
2000.0000000000002,2266.2449
2000.0000000000002,2266.4768
2000.0000000000002,2266.5317
1953.0,2266.5205
2000.0000000000002,2228.9678
2000.0000000000002,2256.1514
2000.0000000000002,2265.2073
1900.0,2267.205
1900.0,2187.3096
1900.0,2164.9622
1900.0,2161.9998
1900.0,2163.404
1900.0,2164.7769
1900.0,2165.441
1900.0,2165.6335
1870.0,2165.6392
1870.0,2141.649
1870.0,2135.02
1899.0,2134.1892
1857.0,2157.7996
1900.0,2131.0825
1900.0,2157.1746
1899.0,2165.1243
1900.0,2165.739
1900.0,2166.065
1900.0,2165.8804
1851.0,2165.7202
1900.0,2126.534
1905.0,2154.8557
1905.0,2168.299
1871.0,2171.4858
1871.0,2144.43
1900.0,2136.51
1900.0,2158.4263
1900.0,2165.1904
1900.0,2166.43
1900.0,2166.2268
1940.0,2165.8982
2000.0000000000002,2197.6536
1997.9999999999998,2254.312
1940.0,2267.0122
2000.0000000000002,2221.3125
2000.0000000000002,2254.9688
2000.0000000000002,2265.5222
2001.0000000000002,2267.5972
2093.0,2268.209
2095.0,2341.4836
2099.0,2363.0925
2100.0,2369.132
2100.0,2369.4553
2100.0,2368.471
2198.0,2367.807
2200.0,2445.8499
2198.0,2468.944
2134.0,2470.4724
2134.0,2417.5046
2134.0,2401.9968
2199.0,2399.6006
2250.0,2452.312
2100.0,2508.2385
2300.0,2401.8066
2300.0,2529.2104
2220.0,2567.4011
2220.0,2509.9773
2220.0,2491.0132
2220.0,2486.936
2200.0,2487.123
2200.0,2471.916
2100.0,2468.0083
1989.9999999999998,2387.7524
1985.0,2278.2344
1940.0,2247.5593
1975.0,2209.0947
1921.0,2230.0378
1979.9999999999998,2195.6216
1979.9999999999998,2233.438
1930.0,2245.2683
1930.0,2207.5366
1854.0,2196.1914
1800.0,2133.581
1800.0,2074.1892
1800.0,2060.8186
1760.0,2060.8083
1761.0,2030.8773
1760.0,2024.1477
1760.0,2022.9678
1710.0,2023.4679
1646.0,1984.0497
1599.0,1922.189
1600.0,1869.266
1602.0,1858.6827
1550.0,1860.848
1503.0,1821.764
1389.0,1774.0256
1350.0,1671.6963
1319.0,1614.9335
1359.0,1579.7993
1320.0,1606.4055
1200.0,1585.8593
1200.0,1484.5682
1190.0,1457.2606
1184.0,1446.2155
1100.0,1441.2963
1069.0,1374.5873
972.0,1332.1488
972.0,1246.148
1080.0,1225.2133
1026.0,1310.1897
1080.0,1293.5269
1081.0,1329.382
1200.0,1339.7529
1210.0,1435.7979
1220.0,1469.3685
1335.0,1482.2559
1301.0,1574.3959
1301.0,1571.1466
1311.0,1565.8102
1195.0,1570.7451
1246.0,1479.3372
1284.0,1494.3646
1323.0,1532.5776
1285.0,1575.1503
1201.0,1555.3704
1101.0,1480.5739
1101.0,1379.9869
1070.0,1355.138
1040.0,1328.9899
1040.0,1301.022
1070.0,1295.5394
1040.0,1319.904
1040.0,1303.7144
994.0,1298.5038
904.0,1260.7646
904.0,1178.9443
900.0,1157.9128
908.0,1153.0039
905.0,1160.5363
870.0,1161.4154
882.0,1133.8796
909.0,1135.7208
933.0,1158.8497
937.0,1184.7678
937.0,1194.3416
1041.0,1195.5895
1042.0,1277.8242
1042.0,1301.0872
1042.0,1303.9845
1042.0,1302.418
948.0,1300.9633
862.0,1225.407
837.0,1135.9071
837.0,1094.2836
813.0,1087.7235
790.0,1070.5074
790.0,1049.0726
770.0,1044.3799
769.0,1028.4723
748.0,1023.90985
730.0,1006.81494
720.0,988.25226
720.0,976.0355
710.0,973.77057
670.0,966.14514
660.0,932.6537
717.0,915.8502
700.0,958.12756
762.0,957.7224
764.0,1005.70856
701.0,1020.1698
675.0,971.8344
657.0,936.1889
638.0,913.3953
638.0,894.04663
630.0,890.4742
615.0,884.6312
620.0,871.7811
619.0,872.6612
620.0,872.80927
602.0,873.86536
613.0,859.9014
561.0,864.7321
562.0,825.2776
579.0,815.091
596.0,827.4447
596.0,845.5175
596.0,850.4683
595.0,851.03174
611.0,849.84436
611.0,862.00525
629.0,865.36914
615.0,880.12463
600.0,872.76733
585.0,858.0361
586.0,842.0121
585.0,838.9761
585.0,838.27106
600.0,838.5737
615.0,850.8073
615.0,866.2129
600.0,870.00604
600.0,858.27075
600.0,854.49615
585.0,853.74744
581.0,841.9003
565.0,835.5684
550.0,821.63153
570.0,806.29114
580.0,818.6914
580.0,831.0507
570.0,834.341
580.0,826.6978
583.0,832.131
592.0,836.2017
610.0,844.3506
555.0,860.7238
570.0,821.10443
600.0,821.1268
630.0,846.338
629.0,877.7955
629.0,884.9357
615.0,885.2552
600.0,873.23395
600.0,857.5602
600.0,853.56396
600.0,853.2799
600.0,853.7074
581.0,854.0315
560.0,839.0506
581.0,818.1503
561.0,829.6407
561.0,818.0544
600.0,814.77527
600.0,845.3471
554.0,854.18604
570.0,818.88324
580.0,820.9126
599.0,830.5878
599.0,848.8041
600.0,853.64404
600.0,854.92365
600.0,854.7262
590.0,854.4049
590.0,846.2728
601.0,843.9939
610.0,852.45667
602.0,862.2195
655.0,858.3127
636.0,898.87823
630.0,895.02826
619.0,887.46234
601.0,876.0772
620.0,858.7057
620.0,869.52734
602.0,873.50775
620.0,860.2228
637.0,870.6263
656.0,887.51825
676.0,907.0932
676.0,927.6545
696.0,932.23926
676.0,948.1198
749.0,935.9337
690.0,989.7228
790.0,957.9301
750.0,1026.5045
753.0,1014.25604
837.0,1010.56805
837.0,1075.8793
840.0,1094.0415
767.0,1098.7622
710.0,1040.1173
768.0,977.50134
37000.0,1008.35254
37000.0,31320.773
36300.0,38418.383
36300.0,38044.074
36500.0,37287.633
36500.0,37113.723
37150.0,37073.215
37150.0,37662.555
37200.0,37801.215
36710.0,37866.348
36500.0,37445.69
36500.0,37177.82
36350.0,37136.574
36350.0,37008.805
36350.0,36987.543
36350.0,36986.516
36250.0,36986.406
36006.0,36898.254
36000.0,36668.4
31250.0,36621.49
32000.000000000004,32523.504
31650.0,32369.232
31250.999999999996,32176.404
31257.0,31853.64
30500.0,31816.814
30500.0,31174.748
30385.0,31047.969
30385.0,30944.45
30385.0,30934.592
29500.0,30939.182
28031.0,30184.84
28899.0,28777.059
25000.0,29250.666
29200.0,26096.492
29201.0,29003.078
29000.0,29729.977
29850.0,29649.736
29000.0,30306.113
29000.0,29696.777
29000.0,29543.605
29000.0,29523.97
28999.0,29532.13
29000.0,29539.102
29000.0,29543.463
29000.0,29544.686
29000.0,29544.682
29001.0,29544.377
29000.0,29544.953
29000.0,29544.098
28501.0,29543.832
28500.0,29117.957
28500.0,29028.604
28220.0,29024.768
28202.0,28794.162
28201.0,28733.709
29999.0,28728.83
29000.0,30268.953
28551.0,29735.215
28551.0,29189.004
31000.0,29073.012
35000.0,31164.443
35051.0,35056.85
35051.0,35801.746
36100.0,35786.2
36100.0,36609.08
41000.0,36742.58
41050.0,41018.18
41000.0,41835.32
39900.0,41796.668
35107.0,40749.34
35101.0,36373.01
33536.0,35585.945
31501.0,34242.27
32000.000000000004,32316.646
32000.000000000004,32433.854
29001.0,32542.46
29000.0,30016.77
29768.0,29499.107
28901.0,30129.49
29000.0,29566.191
29000.0,29526.973
29000.0,29531.797
26003.0,29538.066
26781.0,26991.184
26001.0,27113.873
29501.0,26567.18
29355.0,29462.639
28500.0,29975.219
28500.0,29258.852
27208.0,29054.24
27070.0,27917.156
25400.0,27573.652
25211.0,26130.71
25001.0,25692.229
25000.0,25481.139
24500.0,25472.535
24500.0,25067.377
24500.0,24984.22
24500.0,24980.418
24501.0,24987.123
26795.0,24991.588
26401.0,26936.639
26500.0,27020.92
25700.0,27054.002
25700.0,26352.613
23500.0,26191.992
23150.0,24322.043
23150.0,23635.443
23150.0,23556.55
23498.0,23592.098
23500.0,23914.238
23599.0,23991.086
24200.0,24079.107
24215.0,24596.627
24215.0,24716.223
24214.0,24721.52
25100.0,24709.785
25100.0,25452.246
23051.0,25614.055
23050.0,23894.574
23500.0,23500.846
23001.0,23848.97
23006.0,23543.432
23001.0,23480.83
23500.0,23472.08
23000.0,23895.451
23300.0,23569.498
23500.0,23734.67
23500.0,23945.197
23000.0,23988.418
23500.0,23568.006
23051.0,23891.193
23000.0,23598.213
22550.0,23484.582
23011.0,23088.729
23000.0,23395.785
23000.0,23471.883
23086.0,23484.125
23800.0,23553.883
23200.0,24168.367
23000.0,23794.998
24000.0,23520.795
23000.0,24307.217
23341.0,23650.725
22662.0,23769.838
23000.0,23238.873
23000.0,23407.312
23999.0,23464.518
23000.0,24320.979
22662.0,23666.043
22000.0,23204.908
22230.0,22556.66
22983.0,22626.592
22250.0,23307.938
22314.0,22853.291
24478.0,22783.475
25235.0,24598.424
24500.0,25645.697
23002.0,25189.049
23003.0,23764.355
23150.0,23445.324
23020.0,23549.94
23500.0,23497.48
23002.0,23898.928
25000.0,23572.152
24228.0,25172.025
24228.0,24876.242
24228.0,24756.682
24977.0,24719.012
24250.0,25345.375
25000.0,24870.963
25000.0,25380.854
25500.0,25501.021
25000.0,25936.55
25000.0,25597.918
25000.0,25505.73
24500.0,25490.777
23000.0,25071.05
23000.0,23718.096
23000.0,23436.045
23500.0,23427.992
23001.0,23878.572
23000.0,23568.533
23281.0,23484.785
24000.0,23706.916
24002.0,24366.959
23101.0,24507.863
23100.0,23753.08
23100.0,23570.377
22866.0,23551.97
22200.0,23367.379
22001.0,22773.393
22000.0,22482.396
22300.0,22440.684
22000.0,22703.064
22230.0,22518.17
24700.0,22662.535
24700.0,24780.234
23690.0,25244.18
23000.0,24415.006
23000.0,23605.002
22801.0,23439.635
22750.0,23272.916
22700.0,23214.727
23000.0,23173.611
22999.0,23423.402
22700.0,23481.098
22500.0,23233.637
22501.0,23004.29
23000.0,22960.47
23000.0,23381.63
22550.0,23481.418
22500.0,23111.797
23000.0,22978.23
23000.0,23379.043
23000.0,23477.62
23400.0,23488.656
23101.0,23819.79
23101.0,23637.895
23400.0,23584.684
23400.0,23826.436
23100.0,23883.191
23800.0,23635.85
24499.0,24166.072
24500.0,24880.588
23100.0,25022.258
23001.0,23840.61
23001.0,23479.928
23001.0,23436.672
23001.0,23455.836
23000.0,23472.38
23000.0,23478.102
22600.0,23478.826
22550.0,23141.334
22000.0,23023.338
23102.0,22546.586
23627.0,23375.496
23101.0,24023.506
23101.0,23701.604
23101.0,23597.37
22900.0,23573.07
22601.0,23403.078
21500.0,23117.15
21500.0,22136.568
21500.0,21929.71
21400.0,21923.559
21000.0,21861.414
20501.0,21519.898
20500.0,21028.549
22000.0,20928.758
22000.0,22186.223
21400.0,22483.29
21400.0,22004.656
21400.0,21868.514
22000.0,21844.93
20000.0,22352.445
20500.0,20796.842
20000.0,20845.03
20000.0,20488.111
20000.0,20425.0
20000.0,20429.662
20050.0,20439.486
20000.0,20485.639
20000.0,20454.07
20000.0,20444.531
20000.0,20442.438
20000.0,20442.418
20100.0,20442.777
20101.0,20526.69
20102.0,20546.965
20102.0,20549.508
20100.0,20548.225
20100.0,20545.55
20100.0,20544.836
20101.0,20544.824
20101.0,20545.797
20500.0,20546.094
21000.0,20879.879
21500.0,21374.967
22000.0,21894.725
22000.0,22409.168
22000.0,22497.312
22000.0,22488.281
22000.0,22472.896
22000.0,22466.023
22000.0,22464.84
22000.0,22465.602
21997.0,22466.45
19010.0,22464.357
21000.0,19965.506
21500.0,21057.553
21000.0,21818.938
21600.0,21569.088
18000.0,21983.283
18000.0,19066.137
17510.0,18377.842
17000.0,17910.258
17000.0,17443.408
17000.0,17374.445
17000.0,17389.13
17498.0,17404.97
17499.0,17824.44
18000.0,17923.549
18500.0,18346.773
19000.0,18852.084
22850.0,19367.723
131.0,22688.576
10101.0,4883.5166
10100.0,8296.187
10101.0,9854.397
10101.0,10383.997
10116.0,10498.147
10101.0,10500.58
10100.0,10464.174
10012.0,10442.825
10011.0,10363.033
10000.0,10342.745
10999.0,10333.158
10010.0,11149.798
10001.0,10552.106
10000.0,10362.436
10000.0,10324.575
10000.0,10327.714
10000.0,10335.394
10000.0,10339.853
10002.0,10341.451
10700.0,10343.305
10850.0,10913.137
11000.0,11180.296
11000.0,11348.079
11000.0,11370.999
11000.0,11362.896
11000.0,11355.071
11000.0,11351.766
11000.0,11351.165
11000.0,11351.468
11000.0,11351.813
11000.0,11351.963
11000.0,11351.94
11000.0,11351.826
11001.0,11351.687
11000.0,11352.376
12200.0,11351.661
12200.0,12333.821
12150.0,12580.332
12150.0,12562.689
12150.0,12533.347
12150.0,12517.532
12150.0,12512.331
13502.0,12511.861
13502.0,13622.918
13502.0,13898.842
13502.0,13924.146
13502.0,13902.49
13500.0,13885.902
13500.0,13877.589
13500.0,13875.942
13500.0,13876.43
13135.0,13877.092
13135.0,13577.364
13135.0,13503.366
13540.0,13496.438
13540.0,13835.013
13958.0,13921.346
13998.0,14274.367
13990.0,14385.436
14080.0,14389.259
14081.0,14453.607
14082.0,14466.315
14005.0,14466.806
14000.0,14402.02
14001.0,14381.681
14000.0,14379.984
13404.0,14380.548
13066.0,13891.002
12680.0,13493.124
12000.0,13096.706
12000.0,12463.642
12000.0,12329.846
12365.0,12329.71
11971.0,12646.55
11200.0,12408.488
11213.0,11707.146
11940.0,11546.034
11078.0,12129.565
12800.0,11588.681
14000.0,12847.795
10750.0,14163.665
10700.0,11780.364
10777.0,11078.454
10700.0,11029.865
10989.0,11010.624
10121.0,11266.025
9431.0,10631.058
9450.0,9900.187
9702.0,9749.7705
9200.0,9953.298
9189.0,9617.046
9189.0,9521.055
8767.0,9508.469
8512.0,9170.393
8512.0,8879.6455
8503.0,8819.059
8501.0,8813.355
8720.0,8819.373
8031.0,9002.348
8031.0,8491.115
8031.0,8351.508
8029.999999999999,8332.622
8050.0,8339.637
7790.0,8363.401
7790.0,8160.4473
7562.0,8107.1016
7062.0,7916.172
7275.0,7466.7554
7275.0,7531.0835
7275.0,7569.6934
7500.0,7585.7715
7500.0,7772.583
7919.999999999999,7820.6113
7919.999999999999,8165.6265
8400.0,8250.47
8800.0,8646.42
8800.0,9064.778
8800.0,9153.874
9000.0,9153.027
9000.0,9302.88
9000.0,9337.285
9000.0,9339.154
9000.0,9335.83
9000.0,9333.63
9000.0,9332.795
9000.0,9332.591
8960.0,9332.534
9000.0,9299.925
9000.0,9323.942
9000.0,9331.304
9000.0,9332.665
9000.0,9332.442
9000.0,9332.065
9000.0,9331.836
8755.0,9331.737
8755.0,9132.542
8755.0,9081.173
8500.0,9075.799
8500.0,8872.459
8250.0,8822.043
8750.0,8614.769
8500.0,8972.518
8500.0,8872.189
8245.0,8835.917
8500.0,8619.026
8430.0,8771.145
8300.0,8762.946
8300.0,8652.995
8200.0,8623.769
8200.0,8539.072
8200.0,8519.899
8343.0,8519.367
8099.999999999999,8637.779
8343.0,8472.189
8099.999999999999,8621.973
8099.999999999999,8468.37
8300.0,8424.506
8340.0,8579.893
8343.0,8656.319
8099.999999999999,8673.811
8101.0,8476.091
8150.0,8422.9
8099.999999999999,8455.753
8150.0,8428.754
8000.000000000001,8462.972
8000.000000000001,8351.375
8000.000000000001,8321.392
8000.000000000001,8317.572
8000.000000000001,8319.359
8000.000000000001,8321.025
8000.000000000001,8321.781
8000.000000000001,8321.979
8000.000000000001,8321.968
8000.000000000001,8321.927
8000.000000000001,8321.908
8000.000000000001,8321.917
7650.0,8321.938
7650.0,8038.2114
8150.0,7964.296
8006.0,8361.822
8005.0,8356.05
8061.0,8340.717
8500.0,8376.878
8600.0,8741.224
8650.0,8915.153
8440.0,8985.705
8440.0,8820.512
8650.0,8770.143
8440.0,8931.593
8700.0,8806.755
8750.0,8980.938
8750.0,9069.617
8500.0,9086.83
8490.0,8882.293
8250.0,8818.285
8250.0,8613.899
8250.0,8566.407
8550.0,8564.333
8999.0,8813.237
8800.0,9244.832
8800.0,9185.164
9000.0,9148.7295
9000.0,9295.9
8800.0,9333.352
8800.0,9174.8
9000.0,9130.416
8750.0,9286.643
8750.0,9127.665
8600.0,9082.033
8501.0,8952.678
8500.0,8842.365
8500.0,8819.464
8500.0,8820.377
8499.0,8824.074
8500.0,8825.331
8500.0,8826.572
8500.0,8826.773
8500.0,8826.684
8500.0,8826.598
8420.0,8826.577
8500.0,8761.64
8500.0,8809.833
8500.0,8824.931
8500.0,8827.997
8500.0,8827.814
8500.0,8827.247
8600.0,8826.917
8750.0,8908.032
8600.0,9050.923
8600.0,8962.771
8600.0,8933.042
8601.0,8926.115
8600.0,8926.791
8600.0,8927.175
8600.0,8927.663
8600.0,8927.899
8600.0,8927.951
8600.0,8927.926
8600.0,8927.883
8600.0,8927.848
8600.0,8927.826
8600.0,8927.813
8400.0,8927.808
8200.0,8765.379
8600.0,8560.993
8351.0,8839.225
8351.0,8719.832
8400.0,8682.057
8500.0,8713.755
8099.999999999999,8805.34
8101.999999999999,8503.962
8800.0,8423.57
8800.0,8979.979
8600.0,9131.602
8600.0,8989.018
8860.0,8938.214
8860.0,9136.638
8860.0,9190.449
8860.0,9197.747
8860.0,9194.916
8860.0,9192.141
8860.0,9190.866
8860.0,9190.526
8860.0,9190.53
8860.0,9190.585
8860.0,9190.599
8860.0,9190.57
8860.0,9190.521
8860.0,9190.47
8860.0,9190.426
8860.0,9190.392
8860.0,9190.367
8860.0,9190.35
8860.0,9190.34
9001.0,9190.332
8601.0,9304.971
9000.0,9009.418
9000.0,9252.899
9001.0,9325.619
9000.0,9339.596
9000.0,9337.118
8600.0,9333.827
8600.0,9007.036
8600.0,8922.608
8600.0,8913.773
8505.0,8920.11
8500.0,8848.169
8500.0,8826.371
8500.0,8823.69
8500.0,8824.914
8500.0,8825.998
7838.0,8826.462
7838.0,8289.426
10000.0,8149.9453
10000.0,9893.252
11000.0,10357.163
11000.0,11228.427
11000.0,11404.905
14640.0,11398.486
14640.0,14360.829
14640.0,15087.013
14640.0,15148.175
14640.0,15089.617
14640.0,15046.791
14640.0,15030.431
14250.0,15027.91
14250.0,14708.06
13580.0,14631.288
14000.0,14073.428
14000.0,14289.881
2280.0,14366.674
2350.0,4892.5166
3900.0,2486.6753
309.0,3447.0479
309.0,1090.9291
309.0,495.35703
309.0,441.99817
309.0,492.17383
309.0,530.942
309.0,547.182
309.0,551.18005
309.0,551.3961
125.99999999999999,551.5638
125.99999999999999,407.05206
1002.0,367.81638
973.0,1061.2355
945.0,1236.9346
945.0,1236.8247
945.0,1218.9325
945.0,1207.1953
945.0,1202.5034
945.0,1201.5508
810.0,1201.8711
945.0,1094.8275
945.0,1172.6627
945.0,1198.8285
945.0,1204.5878
27.0,1204.3921
27.0,473.12317
310.0,268.42337
80.0,466.5398
80.0,360.10336
80.0,329.99164
114.0,325.4441
114.0,353.67926
114.0,362.61972
117.0,364.2672
120.0,366.38403
128.0,369.0429
130.0,376.0016
170.0,379.44553
169.0,411.93207
155.0,420.0344
155.0,409.76028
155.0,405.99875
155.0,405.05255
155.0,405.01718
155.0,405.15686
162.0,405.2593
167.0,410.86758
195.0,416.40976
195.0,439.97537
190.0,446.2449
174.0,442.9006
150.0,428.5353
150.0,405.30402
138.0,399.36697
134.0,389.38437
135.0,384.14673
180.0,384.17188
245.0,420.42273
254.0,482.42218
246.0,505.46722
246.0,502.34735
246.0,499.22842
252.99999999999997,497.63403
230.0,502.65656
230.0,485.85495
235.0,480.99265
247.0,484.25592
262.0,495.17355
255.0,510.19077
256.0,508.36728
256.0,507.82062
256.0,507.4062
233.0,507.21527
233.0,488.8733
256.0,483.75116
250.00000000000003,501.38254
251.00000000000003,502.07635
229.0,502.52615
228.0,484.9041
225.0,479.04623
250.00000000000003,475.71497
250.00000000000003,495.1838
237.0,500.9858
256.0,491.58527
281.0,503.5273
256.0,526.9309
256.0,513.18677
244.0,508.19406
237.0,497.3835
256.0,489.06702
269.0,502.42188
245.0,517.0787
238.0,501.76437
220.0,491.14755
220.0,474.19693
200.0,470.0331
185.0,453.91882
180.0,438.03177
167.0,430.49103
165.0,419.05
167.0,414.95508
167.0,416.13876
171.0,416.91733
166.0,420.42926
168.0,417.43698
175.0,418.03488
180.0,423.8313
205.0,429.43585
200.0,450.64343
199.0,452.2853
215.0,450.93307
221.0,462.8062
230.0,470.78745
218.0,479.65063
212.0,472.05682
200.0,464.5822
160.0,453.04898
155.0,418.3888
151.0,405.34033
155.0,400.21445
155.0,403.17786
155.0,404.68564
150.0,405.22113
152.0,401.3497
143.0,401.7958
260.0,394.9023
200.0,486.01328
200.0,464.14822
158.0,454.31555
154.0,417.61673
154.0,404.38016
150.0,402.34714
150.0,399.84753
150.0,399.72272
165.0,399.9956
170.0,412.09506
160.0,419.4691
160.0,413.06732
288.0,410.7512
288.0,511.92484
279.0,540.39844
200.0,537.01685
177.0,470.39725
157.0,432.49426
157.0,408.4658
158.0,404.37363
159.0,406.0956
121.0,408.33167
166.0,379.0069
166.0,406.50726
168.0,415.3993
199.0,418.77994
195.0,443.7015
190.0,447.09424
131.0,442.86987
200.0,394.18802
120.0,435.34775
60.0,385.35742
60.0,322.7722
60.0,306.95776
60.0,305.84302
60.0,307.50446
59.0,308.75983
60.0,308.5028
90.0,309.20502
90.0,333.22043
1360.0,339.91464
1268.0,1351.8682
1268.0,1560.0305
1268.0,1575.1036
1307.0,1553.5282
1230.0,1568.1505
1230.0,1508.2233
615.0,1490.5006
615.0,998.19855
970.0,862.9943
970.0,1129.2129
3610.0,1217.4806
3610.0,3347.0496
3610.0,3925.9626
3610.0,3992.1316
3610.0,3949.6418
3610.0,3912.3574
3610.0,3895.3906
3610.0,3890.9744
3600.0,3891.3403
3600.0,3884.4963
3550.0,3883.0015
3550.0,3842.72
3616.0,3831.6943
3616.0,3883.025
3604.0,3897.7915
3600.0,3890.2434
3600.0,3883.4832
3600.0,3881.301
3600.0,3880.839
3600.0,3880.8596
3600.0,3880.9434
3600.0,3880.9917
3600.0,3881.0076
3600.0,3881.005
3600.0,3880.9983
3600.0,3880.989
3600.0,3880.9824
3600.0,3880.9768
3606.0,3880.9722
3702.0,3885.7805
3702.0,3964.0881
3611.0,3985.1309
3608.0,3914.5479
3608.0,3890.8115
3555.0,3886.438
3422.0,3844.6162
3422.0,3727.5713
3507.0,3697.8376
3500.0,3763.5063
3500.0,3779.1587
3500.0,3781.974
3500.0,3781.4004
3500.0,3780.5447
3500.0,3780.064
3525.0,3779.8982
3500.0,3799.936
3500.0,3785.378
3600.0,3780.634
3599.0,3859.8252
3599.0,3880.855
3600.0,3883.4458
3600.0,3882.833
3600.0,3881.749
3602.0,3881.1687
3602.0,3882.5928
3602.0,3883.0212
3601.0,3883.104
3601.0,3882.2937
3601.0,3882.0508
3601.0,3882.0022
3600.0,3881.9995
3650.0,3881.1968
3551.0,3921.0771
3660.0,3852.5276
3660.0,3919.7126
3644.0,3940.1072
4044.0,3930.933
4044.0,4247.861
4200.0,4333.427
4254.0,4468.77
4254.0,4539.967
4254.0,4550.318
4250.0,4546.901
4205.0,4540.1255
4280.0,4501.4653
4380.0,4551.4385
4480.0,4646.977
4600.0,4751.74
4719.0,4871.9155
4290.0,4993.808
3900.0,4674.3667
3984.0000000000005,4267.459
3622.0,4235.0693
3293.0,3956.7515
3000.0,3627.2878
2824.0,3318.0208
2911.0,3111.9846
2911.0,3145.3335
2911.0,3170.474
2911.0,3181.8452
3000.0,3185.2136
2938.0,3256.7207
2671.0,3226.094
2671.0,3000.93
2671.0,2939.4836
2657.0,2932.1655
2729.0,2925.4424
2650.0,2984.092
2650.0,2938.2617
2650.0,2923.7205
2650.0,2920.769
2650.0,2920.9824
2650.0,2921.5876
2650.0,2921.9724
2650.0,2922.1465
2650.0,2922.2126
2650.0,2922.2415
2651.0,2922.264
2650.0,2923.0842
2650.0,2922.5217
2575.0,2922.346
2500.0,2862.3225
2500.0,2785.916
2400.0,2767.466
2270.0,2686.6123
2270.0,2562.917
2500.0,2533.1863
2302.0,2715.6484
2500.0,2611.2803
2500.0,2734.7744
2500.0,2770.394
2532.0,2775.7395
2610.0,2799.5771
2900.0,2867.0657
2693.0,3116.1848
2615.0,3015.3865
2615.0,2913.8765
2539.0,2885.702
2539.0,2821.4255
2116.0,2806.807
1764.0,2468.5586
1470.0,2096.6812
1470.0,1774.388
1470.0,1706.5371
1470.0,1709.4623
1470.0,1721.3849
1470.0,1728.4906
1470.0,1731.0331
1470.0,1731.4
1500.0,1731.1672
1645.0,1754.9023
1645.0,1877.1914
1851.0,1910.1361
1800.0,2078.302
1500.0,2080.5845
1500.0,1833.586
1507.0,1762.0565
2350.0,1757.0052
2350.0,2435.64
2850.0,2625.711
2865.0,3050.7368
2950.0,3160.226
2938.0,3233.241
2853.0,3229.4988
2853.0,3152.3816
2853.0,3128.7917
2853.0,3124.9019
2853.0,3126.0286
2853.0,3127.3752
2853.0,3128.004
2853.0,3128.087
2853.0,3127.9258
2853.0,3127.7104
2853.0,3127.527
2853.0,3127.3958
2853.0,3127.309
2853.0,3127.2588
2853.0,3127.23
2857.0,3127.215
2857.0,3130.4104
2857.0,3131.282
2857.0,3131.3882
2858.0,3131.327
2857.0,3132.0718
2858.0,3131.463
2858.0,3132.0635
2858.0,3132.2395
2858.0,3132.2673
2857.0,3132.26
2857.0,3131.4497
2856.0,3131.2253
2856.0,3130.3955
2855.0,3130.1917
2854.0,3129.3767
2853.0,3128.3774
2809.0,3127.3464
2808.0,3091.9048
2808.0,3081.48
2894.0,3080.1184
2810.0,3149.611
2810.0,3101.8176
2809.0,3086.035
2809.0,3081.7817
2728.0,3081.6372
2728.0,3017.3767
2812.0,3000.0376
2812.0,3065.254
2800.0,3084.8977
2715.0,3078.6523
2711.0,3007.2554
2711.0,2984.107
2700.0,2980.5867
2710.0,2972.9397
2600.0,2979.8267
2600.0,2894.377
2600.0,2870.9185
2601.0,2867.9736
2601.0,2870.3196
2601.0,2871.9849
2600.0,2872.6936
2653.0,2872.0752
2652.0,2914.2473
2637.0,2924.9954
2637.0,2914.2007
2637.0,2910.114
2635.0,2909.0208
2631.0,2907.3408
2501.0,2903.8408
2501.0,2799.05
2522.0,2770.5354
2600.0,2783.9268
2551.0,2852.9324
2551.0,2833.2175
3031.0,2825.104
2787.0,3206.7258
2700.0,3115.9668
2700.0,3005.8945
2700.0,2973.2769
2701.0,2968.098
2500.0,2970.5256
2521.0,2811.9075
2500.0,2785.7073
2500.0,2768.4158
2501.0,2767.382
2502.0,2769.9832
2600.0,2772.2417
2500.0,2851.3306
2500.0,2792.9053
2500.0,2773.5464
2500.0,2769.3193
2500.0,2769.4487
2500.0,2770.216
2500.0,2770.719
2500.0,2770.937
2600.0,2770.9983
2700.0,2850.9841
2700.0,2952.9065
2700.0,2977.503
2700.0,2978.694
2700.0,2975.822
2510.0,2973.8086
2500.0,2821.014
2500.0,2771.2153
2500.0,2763.9475
2501.0,2766.583
2575.0,2770.1787
2500.0,2830.9368
2500.0,2787.5784
2500.0,2773.092
2500.0,2769.8418
2500.0,2769.864
2500.0,2770.3948
2150.0,2770.758
2150.0,2491.162
2160.0,2414.3765
1800.0,2412.8455
1530.0,2132.7644
1745.0,1843.2185
1745.0,1947.4337
1799.0,1993.223
1800.0,2051.2104
1800.0,2066.6765
1700.0,2067.7532
1600.0,1986.2363
1600.0,1883.1368
1600.0,1857.8165
1700.0,1856.4839
1750.0,1939.2803
1800.0,2003.4357
1700.0,2058.0938
1601.0,1989.4465
1600.0,1887.6582
1600.0,1860.1216
1699.0,1857.4097
1650.0,1938.8295
1680.0,1923.5878
1680.0,1940.3876
1680.0,1944.4275
1680.0,1944.5933
1710.0,1944.11
1711.0,1967.7286
1711.0,1975.0244
1711.0,1976.0657
1750.0,1975.6698
1750.0,2006.3842
1710.0,2014.7808
1745.0,1983.8746
1798.0,2002.4084
1800.0,2050.7896
1802.0,2065.3745
1750.0,2068.8342
1800.0,2026.8085
1750.0,2054.4011
1711.0,2023.6085
1711.0,1983.4592
1746.0,1973.4421
1800.0,2000.7023
1720.0,2052.5737
1710.0,2002.3636
1732.0,1978.0428
1732.0,1989.9644
1732.0,1994.7233
1785.0,1996.1426
1840.0,2038.6696
1840.0,2094.1797
2300.0,2107.6694
2290.0,2475.8264
3000.0,2567.4487
6050.0,3144.7505
2199.0,5745.85
2266.0,3326.0403
2200.0,2609.3162
2317.0,2413.1816
2317.0,2505.4128
2250.0,2560.72
2222.0,2529.951
2179.0,2498.8574
1980.9999999999998,2456.3064
1801.0,2287.4011
1800.0,2099.1174
1800.0,2054.103
1800.0,2052.572
1800.0,2058.3237
1800.0,2062.2993
1800.0,2063.958
1800.0,2064.3752
1800.0,2064.3733
1800.0,2064.326
1800.0,2064.3342
1800.0,2064.393
1800.0,2064.4731
1800.0,2064.5513
1800.0,2064.6155
1800.0,2064.6648
1800.0,2064.6995
2000.0000000000002,2064.7207
2100.0,2224.4304
2100.0,2348.3604
2160.0,2375.8523
2091.0,2423.5479
